category_name,median,q25,q75,min,max,iqr
Boiliji,34.8,34.8,34.8,34.8,34.8,0.0
adventni koledarji,29.045,25.900000000000002,31.99,25.3,31.99,6.089999999999996
agility ovire,19.85,13.317499999999999,52.0,7.8,330.42,38.682500000000005
akcijske figure,19.7,13.245000000000001,34.99,3.39,229.0,21.745
aktivne hlace,38.15,38.15,38.675,38.15,39.2,0.5249999999999986
aktivne visece igrace,20.0,20.0,20.0,20.0,20.0,0.0
aktivne zapestnice,59.99,18.49,99.475,9.99,151.0,80.985
aktivno perilo kompleti,35.5,35.5,35.5,35.5,35.5,0.0
akumulatorska vrtna tehnika,299.99,171.39,360.49,50.4,689.63,189.10000000000002
akumulatorske baterije,22.715,19.335,40.235,8.77,85.99,20.9
akumulatorske kosilnice,517.85,517.85,517.85,517.85,517.85,0.0
akumulatorski sesalniki listja,107.37,107.37,107.37,107.37,107.37,0.0
akumulatorski vijacniki akumulatorski vrtalni vijacniki,106.99,58.9,192.63,29.77,390.99,133.73
akumulatorsko orodje,115.58,44.4375,262.46750000000003,26.9,1424.99,218.03000000000003
akvaristika,18.82,10.335,27.66,1.6,73.0,17.325
alarmne naprave varnostne kamere,101.995,27.5,299.125,6.95,485.57,271.625
alkotesterji,48.99,48.99,48.99,48.99,48.99,0.0
ampermetri,48.5,31.5,65.5,25.0,137.0,34.0
angleska liga,26.340000000000003,23.015,29.665000000000003,19.69,32.99,6.650000000000002
antiperspiranti deodoranti,9.15,6.675,16.9175,2.0,65.19,10.2425
aparati za pripravo jogurta,31.49,30.695,35.86,29.9,40.23,5.164999999999999
aparati za vezavo,8.5,8.5,8.5,8.5,8.5,0.0
armature bide,87.99,63.99,119.6,49.85,169.79,55.60999999999999
armature kadi,124.99,79.9,218.39249999999998,47.0,329.9,138.49249999999998
armature tus,129.76,17.98,226.51,3.87,639.9,208.53
armature umivalnik,95.045,72.285,129.99,22.87,737.99,57.70500000000001
aroma svetilke difuzorji,21.994999999999997,12.39,41.125,1.92,150.45,28.735
audio video,2.29,2.0,3.27,1.19,21.35,1.27
avto dodatki za prikolice,133.5,111.25,155.75,89.0,178.0,44.5
avto hi fi dodatki,25.9,21.945,28.9,17.99,31.9,6.954999999999998
avto kamere,131.98000000000002,64.71000000000001,138.71249999999998,23.95,189.9,74.00249999999997
avto ojacevalniki,78.995,25.814999999999998,131.8,16.29,140.2,105.98500000000001
avto oprema,65.0,21.0,205.0,2.5,459.0,184.0
avto preproge,40.0,36.75,43.75,36.0,46.0,7.0
avto zarnice,6.54,4.2275,14.6,1.0,142.19,10.372499999999999
avtomobili vlaki helikopterji,26.380000000000003,14.48,53.02,3.1,339.2,38.540000000000006
avtomobilske gume celoletne,77.345,57.36,159.395,37.06,507.52,102.03500000000001
avtomobilske gume letne,112.06,72.1075,143.70999999999998,39.52,297.71,71.60249999999998
avtomobilske gume zimske,106.845,78.17,149.60750000000002,35.45,495.17,71.43750000000001
avtoradiji,104.99,104.99,104.99,104.99,104.99,0.0
avtosedezi,223.96,121.465,356.12,13.4,952.09,234.655
avtozvocniki,57.19,44.49,83.775,14.25,89.9,39.285000000000004
balzam,2.69,2.0,17.6,1.0,73.9,15.600000000000001
balzami lase,3.4,2.9675000000000002,5.45,1.99,9.52,2.4825
balzami za po britju,44.9,13.450000000000001,50.25,3.43,55.3,36.8
barska oprema,19.095,11.675,89.45,9.0,202.0,77.775
barve tekstil,5.99,5.99,5.99,5.99,5.99,0.0
barve za lase,6.2,4.0075,11.725,2.32,24.99,7.717499999999999
barvice flomastri,7.45,4.365,9.3025,1.64,56.99,4.9375
baterije mobilne telefone,17.08,12.78,18.65,7.3,33.98,5.869999999999999
baterije polnilci,49.95,21.195,67.99000000000001,0.38,114.25,46.79500000000001
bazeni,399.99,57.7,634.7750000000001,8.72,2183.02,577.075
bazeni vrtne ribnike,92.5,85.405,99.595,78.31,106.69,14.189999999999998
bencinske kosilnice,332.61,332.61,332.61,332.61,332.61,0.0
bencinske snezne freze,422.115,270.85249999999996,573.3775,119.59,724.64,302.5250000000001
bidoni nosilci,5.045,4.0975,5.8149999999999995,1.99,7.39,1.7174999999999994
blatniki,28.0,18.8,40.5,9.6,53.0,21.7
blazine dojenje nosecnice,16.5,15.5575,22.35,13.63,39.0,6.792500000000002
bliskavice,209.0,56.9,229.0,56.9,407.18,172.1
bodiji za dojencke,10.350000000000001,9.33,14.9,5.2,36.5,5.57
borilne vescine,42.695,33.5,61.925000000000004,26.19,109.4,28.425000000000004
bozicna dekoracija,14.18,1.88,18.99,1.88,64.99,17.11
brezprekinitveno napajanje ups,53.59,28.285,98.065,16.64,3354.89,69.78
brezrokavniki,169.99,144.98000000000002,169.99,69.95,169.99,25.00999999999999
brezzicni zvonci,19.0,16.02,19.9,13.99,29.78,3.879999999999999
brisace,19.99,12.89,33.0,12.3,45.79,20.11
brisace kopalnica,18.0,11.99,25.0,2.0,160.0,13.01
britje in depilacija,15.149999999999999,7.9,21.175,4.0,260.99,13.275
broske,33.0,28.900000000000002,37.1,24.8,41.2,8.2
brusilniki,29.994999999999997,12.95,77.8275,2.89,620.99,64.8775
brusni papir,0.8,0.8,0.8,0.8,0.8,0.0
budilke,33.79,33.79,33.79,33.79,33.79,0.0
caji,12.0,12.0,12.0,12.0,12.0,0.0
cartljavcki,25.0,15.0,26.0,7.6,26.0,11.0
celade,147.49,147.49,147.49,147.49,147.49,0.0
celne svetilke,40.9,23.8,82.11,7.37,88.11,58.31
cestne navigacijske naprave,189.0,189.0,189.0,189.0,189.0,0.0
ciscenje avto,7.2,5.29,14.6,2.49,188.7,9.309999999999999
ciscenje kuhinja,6.77,2.9650000000000003,7.3075,1.99,13.29,4.342499999999999
ciscenje obraza,22.5,10.0,28.799999999999997,5.5,32.31,18.799999999999997
ciscenje odstranjevanje licil,10.0,6.6,15.75,2.7,197.6,9.15
cistila maziva,6.88,6.88,10.75,3.89,13.24,3.87
cistilci oken,57.09,21.0,78.84,21.0,442.9,57.84
cistilci zraka,299.99,99.0,369.99,16.0,2799.0,270.99
cistilna sredstva,25.6,25.6,25.6,25.6,25.6,0.0
cistilniki oken,64.0,64.0,64.0,64.0,64.0,0.0
cistilniki tal,20.4,15.395,22.994999999999997,10.39,25.59,7.599999999999998
cistilniki1,102.39,35.2,174.07999999999998,10.15,629.99,138.88
cisto perilo,10.19,4.265000000000001,11.655000000000001,1.26,24.98,7.390000000000001
citalniki kartic,9.5,8.9675,9.5,8.74,9.9,0.5325000000000006
citalniki spominskih kartic,36.7,15.445,36.7,8.59,37.99,21.255000000000003
co detektorji dima plina,23.92,18.96,28.880000000000003,14.0,33.84,9.920000000000002
cobi,56.3,52.29,60.3,22.24,69.1,8.009999999999998
colni in kajaki,223.0,134.935,242.525,56.0,251.03,107.59
copati,19.61,17.99,21.4,13.6,37.49,3.41
copici za slikanje,5.445,3.99,8.175,3.99,26.0,4.1850000000000005
covid 19,14.2,7.81,40.8,2.0,80.94,32.989999999999995
crkljavcki grelne igrace,20.5,12.75,26.200000000000003,8.91,54.99,13.450000000000003
crpalke vodometi fontane vrtne ribnike,56.58,56.58,56.58,56.58,56.58,0.0
crpalke za vrtne ribnike in vodomete,72.0,72.0,72.0,72.0,72.0,0.0
crtalo za oci,7.19,7.19,8.165000000000001,7.14,9.62,0.9750000000000005
crystaland,7.14,7.14,7.14,7.14,7.14,0.0
cvetlicni lonci,64.995,20.2225,113.99249999999999,2.8,676.6,93.77
cvrtniki,101.25,90.05250000000001,175.5625,69.0,268.11,85.50999999999999
daljinski upravljalniki,19.9,12.95,27.9,10.39,41.9,14.95
daljnogledi,209.9,92.4,239.9,44.9,329.9,147.5
darilne skatle za nakit,2.5,2.0,2.6,1.5,2.7,0.6000000000000001
darilne vrecke in skatle za nakit,2.35,2.0,3.225,2.0,4.8,1.225
darilni program,7.7299999999999995,7.244999999999999,8.215,6.76,8.7,0.9700000000000006
darilni seti,21.8,12.350000000000001,35.05,5.4,86.3,22.699999999999996
darilni seti in paketi za po britju in depilaciji,10.35,9.075,11.625,7.8,12.9,2.5500000000000007
dekorativa zavese,43.0,37.0,54.0,29.0,68.0,17.0
dekorativna kozmetika,8.850000000000001,5.975,23.5,1.0,159.7,17.525
dekorativne nalepke,139.1,45.5,147.9,4.71,245.7,102.4
dekorativne svece,16.8,10.475,26.1725,2.1,56.6,15.6975
dekorativni dodatki,51.0,23.0,66.0,12.0,122.0,43.0
delavnisko pohistvo,41.995,36.9925,46.9975,31.99,52.0,10.005000000000003
delovna oprema,21.0,13.06,53.0,1.22,137.26,39.94
denarnice in pasne torbice,18.7,7.9,24.5,7.0,34.79,16.6
depilacijski voski kreme,4.8,4.8,4.8,4.8,4.8,0.0
depilatorji epilatorji,90.4,16.99,97.69,5.9,278.23,80.7
deske za rezanje,24.95,24.95,24.95,2.81,34.0,0.0
detektorji kovin,53.0,46.745000000000005,76.435,40.49,99.87,29.689999999999998
dezinfekcijska sredstva,4.64,4.64,4.64,4.64,4.64,0.0
dezniki moski,30.0,25.6475,30.0,12.59,30.0,4.352499999999999
dezodoranti,3.39,3.2,3.7,2.65,3.99,0.5
difuzorji dodatki,33.03,24.14,34.464999999999996,15.19,34.9,10.324999999999996
digitalna varnost,52.0,25.0,64.0,5.6,140.0,39.0
digitalni foto okvirji,50.0,35.0,73.0,17.0,179.9,38.0
digitalni fotoaparati,699.9,274.9,999.0,20.9,1549.0,724.1
diktafoni,94.0,56.39,94.0,34.9,297.0,37.61
dimne cevi kolena rozete,13.35,9.675,17.025,6.0,20.7,7.349999999999998
dinozavri zivali,6.995,5.3774999999999995,8.04,3.51,8.19,2.6624999999999996
disece krogljice osvezilci,6.99,6.99,6.99,6.99,6.99,0.0
diski,123.6,94.21000000000001,228.3,28.0,902.8,134.09
disney igrace,11.49,9.0,25.8,1.99,94.8,16.8
dleta rocna,16.535,10.665,22.0,8.23,31.0,11.335
dnevni regali,140.0,135.0,155.75,120.0,203.0,20.75
dnevniki koledarji,8.8,8.350000000000001,11.25,7.9,13.7,2.8999999999999986
dodatki,10.39,10.39,10.39,10.39,10.39,0.0
dodatki cistilnike zraka,47.73,8.23,86.91999999999999,7.0,87.22,78.68999999999998
dodatki elektricna orodja,19.99,7.795,42.525000000000006,1.35,237.87,34.730000000000004
dodatki hi fi,13.9,13.3675,26.65,11.59,41.9,13.282499999999999
dodatki k telefonom ostalo,4.5,4.5,4.5,4.5,4.5,0.0
dodatki navigacije,12.29,12.29,12.29,12.29,12.29,0.0
dodatki orodje baterije,34.5,29.25,39.75,24.0,45.0,10.5
dodatki otroke,8.49,3.545,11.925,2.78,27.99,8.38
dodatki psi,43.0,20.5,122.0,15.0,159.0,101.5
dodatki sporti z zogo,33.0,16.945,46.980000000000004,3.0,138.0,30.035000000000004
dodatki stojal,40.0,39.5,40.5,39.0,41.0,1.0
dodatki table,7.390000000000001,3.79,21.21,2.14,26.52,17.42
dodatki tablice,15.530000000000001,9.8,22.9,9.8,79.99,13.099999999999998
dodatki tus,15.59,15.59,15.59,15.59,15.59,0.0
dodatki tv,95.0,95.0,95.0,95.0,95.0,0.0
dodatki za bazene,100.99,42.925,211.5,6.5,1031.99,168.575
dodatki za diske,14.63,14.11,43.99,10.29,239.85,29.880000000000003
dodatki za dom,96.0,52.995000000000005,154.49,0.64,287.0,101.495
dodatki za mrezno opremo,6.0,2.9924999999999997,7.425000000000001,0.3,9.99,4.432500000000001
dodatki za restavracije,20.19,20.19,20.19,20.19,20.19,0.0
dodatki za vrtno pohistvo $91,54.0,39.0,85.7525,7.89,383.14,46.7525
dodatki za vrtno tehniko,23.67,17.275,30.065,10.88,36.46,12.790000000000003
dodatki za vzrejo zivali,62.15,13.895,205.78,3.3,1061.49,191.885
dodatki zobne scetke,19.14,10.24,37.99,5.0,237.0,27.75
dodatna oprema ciscenje,22.869999999999997,10.549999999999999,68.7475,7.39,118.99,58.197500000000005
dodatna oprema klimatske naprave,24.15,10.9,37.925,1.2,88.0,27.025
dodatna oprema rastlinjake,50.995000000000005,37.9725,70.5,6.1,182.79,32.5275
dodatna oprema vrt orodje,35.0,24.0,61.19,1.99,323.9,37.19
dodatna oprema vrtne ribnike,107.825,43.795,183.5,29.9,637.77,139.70499999999998
dodatna oprema za kamine,62.0,39.9,105.0,6.7,271.41,65.1
dodatna oprema za kosilnice,13.015,8.9175,17.1625,8.85,17.38,8.245000000000001
dodatna oprema za sanitarno tehniko,129.39999999999998,89.24,152.93,53.0,167.28,63.69000000000001
dodatna oprema za vrtno pohistvo,115.43,63.644999999999996,167.215,11.86,219.0,103.57000000000001
dodatna oprema1,32.269999999999996,16.9275,58.660000000000004,3.9,1366.8,41.7325
dojencki bodiji,16.9,13.49,16.9,8.99,22.49,3.4099999999999984
dojencki pajaci,24.05,12.0,36.1,4.7,41.9,24.1
dom dodatki pomivalna korita,14.9,14.9,14.9,14.9,14.9,0.0
dom enojna pomivalna korita,86.12,86.12,86.12,86.12,86.12,0.0
dom kuhinjske armature brez prhe,129.99,115.16499999999999,134.99,64.99,139.99,19.825000000000017
domaca zabava,60.82,34.71,81.77250000000001,13.99,488.89,47.06250000000001
domofoni in videofoni,145.09,23.0,160.14,19.99,354.0,137.14
dostopne tocke,72.21000000000001,48.665000000000006,92.2925,33.46,880.49,43.6275
droni,628.995,99.0,659.0,15.0,2119.0,560.0
drsalke,32.355,31.2025,33.5075,30.05,34.66,2.3049999999999997
druga cistilna tehnika,215.0,205.89499999999998,286.5,23.0,358.0,80.60500000000002
druga pisarniska oprema,52.4,30.2,71.0275,8.34,133.29,40.8275
drugi pripomocki za slikanje in barvanje,3.75,3.75,6.18,3.1,10.9,2.4299999999999997
drzala stojala,44.3,27.29,131.8,8.9,195.0,104.51000000000002
dudice,11.07,7.58,13.5,3.54,15.39,5.92
duhovnost religija,21.659999999999997,17.7175,26.165,8.13,58.64,8.447499999999998
dvb sprejemniki,52.9,50.9,57.15,44.9,69.9,6.25
dvizna tehnika,39.43,39.43,39.43,39.43,39.43,0.0
e bralniki,439.27,434.95,549.96,421.99,549.96,115.01000000000005
ekonom lonci,64.79,64.79,64.79,64.79,64.79,0.0
elektricna kolesa,1659.5,1544.25,1774.75,1429.0,1890.0,230.5
elektricne nozne tlacilke blazine,2.19,2.19,2.19,2.19,2.19,0.0
elektricne ponve,39.99,39.99,39.99,39.99,39.99,0.0
elektricne rocne zage,149.9,59.99,379.99,14.58,1313.61,320.0
elektricne zobne scetke,48.945,32.24,120.225,13.4,239.99,87.98499999999999
elektricni agregati generatorji,1465.0,911.44,1465.0,357.88,1465.0,553.56
elektricni grelniki vode,182.69,109.995,258.245,94.9,2967.0,148.25
elektricni kamini,214.9,214.9,367.96750000000003,202.0,799.0,153.06750000000002
elektricni lonci,49.65,39.75,80.375,24.44,165.0,40.625
elektricni vijacniki,132.165,106.2475,158.0825,80.33,184.0,51.83500000000001
elektricni vrtalniki,30.995,23.75,223.4975,20.0,489.0,199.7475
elektricno talno gretje,135.85,99.92,231.1325,2.26,318.0,131.21249999999998
elektronske in robotske igrace,24.99,14.809999999999999,34.665,4.81,87.6,19.855
elektronske varuske naprave nadzor dihanja,84.06,68.05,103.55,58.8,147.14,35.5
elipticni trenazerji,265.07,256.53499999999997,349.735,248.0,434.4,93.20000000000005
eroticni romani,17.685000000000002,11.085,20.7275,7.55,24.35,9.642499999999998
erotika,32.95,16.95,74.4,3.0,520.33,57.45
etikete,11.6,8.345,16.25,1.14,57.87,7.904999999999999
etuiji za palice,40.31,40.31,40.31,40.31,40.31,0.0
feeder palice,123.015,90.0725,155.9575,57.13,188.9,65.885
feni za vroci zrak,28.755,17.4325,44.3875,10.9,63.85,26.955000000000002
figure zivali,14.245000000000001,9.575,15.75,7.08,94.79,6.175000000000001
figurice,20.6,11.7,44.849999999999994,1.53,146.6,33.14999999999999
filtri,47.849999999999994,27.605,66.115,11.39,139.9,38.50999999999999
fondi,44.0,42.5,45.5,41.0,47.0,3.0
foto albumi in okvirji,12.19,6.27,18.490000000000002,1.1,124.3,12.220000000000002
foto ovitki nahrbtniki torbe,39.9,23.9,49.0,8.9,199.9,25.1
gaming miske tipkovnice,39.99,16.35,91.10499999999999,5.73,229.0,74.755
gaming mize,76.595,63.04,131.895,50.0,299.0,68.85500000000002
gaming slusalke,39.99,29.955,89.875,16.1,330.59,59.92
gaming stoli,151.0,124.63,265.0,8.14,429.99,140.37
garazna oprema,39.185,29.37,83.0,29.37,185.0,53.629999999999995
garniture orodja,24.99,13.64,51.16,1.39,158.99,37.519999999999996
garniture vrtnega pohistva,645.0,476.5,759.0,247.0,1507.0,282.5
garniture vrtnega pohistva $91,615.1,390.38,927.0,43.0,2330.0,536.62
geli,12.99,7.025,31.69,5.99,31.69,24.665
geli mila za tusiranje,3.1,2.935,11.98,1.8,46.21,9.045
geli posoda,8.69,8.69,8.69,8.69,8.69,0.0
geli za britje,3.5,3.475,3.725,3.4,4.4,0.25
geli za oci,18.8,11.2,29.299999999999997,3.6,39.8,18.099999999999998
geli za prhanje,4.1,2.8,7.8,1.7,31.4,5.0
glasbene igrace,39.99,28.09,59.04,4.2,378.99,30.95
glasbila in glasbena oprema,77.45,49.5725,327.5,7.9,547.0,277.9275
gnojila,5.735,5.1075,6.362500000000001,4.48,6.99,1.2550000000000008
gnojila semena zemlja za vrtnarjenje,8.8,6.54,19.945,4.6,155.0,13.405000000000001
gorniski cepini,26.54,25.025,131.95999999999998,23.51,237.38,106.93499999999997
gorska kolesa,347.68,309.0,364.59,275.0,414.9,55.589999999999975
grablje,12.540000000000001,10.670000000000002,14.41,8.8,16.28,3.7399999999999984
gradbeni material,70.865,49.9975,118.75,4.24,4655.73,68.7525
graficne kartice,109.9,87.3,1895.79,68.56,1895.79,1808.49
graficne kartice gaming,774.0,464.4225,1233.19,233.51,2858.19,768.7675
graficne tablice,351.485,219.2375,483.7325,86.99,615.98,264.495
grelniki vode,39.345,27.365,54.15,9.9,199.99,26.785
grelniki zraka za delavnice,179.555,108.2775,250.8325,37.0,322.11,142.555
gugalnice,45.36,24.235,77.4025,16.4,431.0,53.167500000000004
gugalniki,110.24,92.0,152.7,51.89,252.75,60.69999999999999
gume,119.29,75.405,166.975,39.21,3204.0,91.57
gume kolo,67.15,58.18,75.9725,13.99,149.43,17.792499999999997
gumijaste vabe za trolling,10.57,7.725,19.55,2.81,67.4,11.825000000000001
hdmi,10.5,6.45,10.5,6.21,13.9,4.05
hi fi ojacevalniki,328.82,328.82,328.82,328.82,328.82,0.0
hi fi zvocniki,168.375,79.34,274.29,25.42,475.52,194.95000000000002
hi fi zvocniski sistemi,88.0,88.0,88.0,88.0,88.0,0.0
hidroforji,167.29,142.74,272.66499999999996,32.09,334.4,129.92499999999995
hifi dodatna oprema,104.94,56.92,125.725,8.9,146.51,68.80499999999999
higienski pripomocki,1.5499999999999998,1.4,36.025000000000006,1.4,139.0,34.62500000000001
hisne lestve stopnice,38.519999999999996,35.63,41.41,32.74,44.3,5.779999999999994
hisne stevilke,9.99,9.99,9.99,9.99,9.99,0.0
hlace in trenirke za dojencke,14.95,11.625,17.95,5.6,30.95,6.324999999999999
hlace za prosti cas,52.2,52.2,52.2,52.2,52.2,0.0
hlacne plenice,11.5,9.272499999999999,14.54,4.67,17.79,5.2675
hladilci zraka,249.99,249.99,249.99,249.99,249.99,0.0
hladilne torbe,414.88,247.41499999999996,582.345,79.95,749.81,334.93000000000006
hladilne torbe na napajanje,69.9,40.0,473.95,10.1,878.0,433.95
hladilne torbe pasivne,16.9,14.95,16.93,10.17,21.95,1.9800000000000004
hladilniki,454.61,283.6725,652.2225,56.03,2999.19,368.54999999999995
hoduljice,92.5,91.7075,97.2525,48.0,107.73,5.545000000000002
hrana za dojencke,8.99,8.99,8.99,8.99,8.99,0.0
hrana za glodalce,13.995000000000001,12.094999999999999,16.14,5.99,38.0,4.045000000000002
hrana za konje,20.895,12.725000000000001,28.99,12.5,28.99,16.264999999999997
hrana za macke vrecke,14.74,9.775,17.78,3.0,29.99,8.005
hrana za pse konzerve,14.2,8.4,22.5,1.27,183.2,14.1
hrana za pse veterinarska dieta,41.07,30.175,68.3075,15.41,73.69,38.13250000000001
hrana za pse vrecke,15.99,15.77,17.99,11.11,17.99,2.219999999999999
hrana za ptice,6.6,5.475,10.84,2.9,17.3,5.365
igrace macke,7.715,5.59,14.2475,0.92,70.0,8.6575
igrace na poti,143.99,138.99,148.99,61.99,240.99,10.0
igrace poklici,17.3,10.67,28.095,2.51,121.07,17.424999999999997
igrace pse,10.6,7.52,17.99,2.59,101.0,10.469999999999999
igrace razvojne,19.58,13.905,35.785,4.01,94.0,21.879999999999995
igrace za najmlajse,19.1,12.395,35.4,3.59,347.7,23.005
igralne figure,3.4,3.4,3.4,3.4,3.4,0.0
igralne palice,45.5,45.5,45.5,45.5,45.5,0.0
igralne podloge,32.9,21.0,40.8,4.82,62.78,19.799999999999997
igralni centri,52.48,48.184999999999995,59.11,35.3,79.0,10.925000000000004
igralni ploscki,60.89,44.150000000000006,94.67,24.99,115.37,50.519999999999996
igralni seti,7.425000000000001,7.1625000000000005,7.6875,6.9,7.95,0.5249999999999995
igre gaming,32.99,26.564999999999998,52.965,13.93,139.99,26.400000000000006
igre in sestavljanke,14.4,10.085,24.95,1.97,89.99,14.864999999999998
igre na plazi,15.79,15.79,21.295,15.79,26.8,5.505000000000003
igre na prostem,11.4,5.0,32.0,4.29,324.77,27.0
industrijski parni cistilniki,220.39999999999998,97.9,331.4,34.9,359.9,233.49999999999997
infrardeci grelniki,56.5,56.25,56.75,56.0,57.0,0.5
inhlatorji,53.57,43.745000000000005,63.394999999999996,33.92,73.22,19.64999999999999
insekte,7.99,6.57,21.81,4.59,127.98,15.239999999999998
ip kamere,135.0,87.59,479.9,21.98,3829.0,392.30999999999995
ir paneli grelne plosce,113.09,13.99,142.785,9.99,339.5,128.795
italijanska liga,37.95,21.900000000000002,37.97,5.85,37.99,16.069999999999997
izdelava testenin,12.030000000000001,10.095,13.965,8.16,15.9,3.869999999999999
izdelki za boljse pocutje,10.51,9.15,10.51,7.79,10.51,1.3599999999999994
izobrazevalne igrace,24.62,17.0,31.0,3.99,46.61,14.0
izvijaci,7.25,4.5275,9.72,2.9,51.23,5.192500000000001
jakne in brezrokavniki za dojencke,48.9,42.349999999999994,89.95,35.95,149.95,47.60000000000001
jakne prosti cas,149.1,149.1,149.1,149.1,149.1,0.0
jedilne garniture,25.99,20.45,76.34,15.4,199.99,55.89
jedilni pribor,16.0,7.8,39.99,7.59,58.0,32.190000000000005
jedilni pribor za otroke,11.695,10.5725,12.95,5.19,16.6,2.3774999999999995
jedilnica,25.0,13.8,70.6,5.4,1520.0,56.8
jopice in puloverji za dojencke,17.95,16.45,22.95,5.7,29.99,6.5
kabli in adapterji,10.9,6.9,16.0,0.2,236.3,9.1
kadi stene zasloni,259.265,206.4975,321.08,43.99,540.76,114.58249999999998
kahlice in wc nastavki,17.65,7.0875,33.83,2.98,56.04,26.7425
kalkulatorji,5.695,4.2225,7.1675,2.75,8.64,2.9450000000000003
kaloriferji termoventilatorji,58.09,29.5325,73.74,18.99,97.99,44.207499999999996
kamini drva,374.99,182.54250000000002,462.4975,67.81,1538.0,279.955
kamp pohistvo,40.6,34.325,105.69,15.0,218.79,71.365
kamp posoda,39.0,8.72,67.19,2.65,107.69,58.47
kamp pribor,7.44,7.44,7.44,7.44,7.44,0.0
kamp svetilke,24.0,14.4,32.14,11.8,90.3,17.740000000000002
kanalete za tus,90.29,90.29,90.29,90.29,90.29,0.0
kape,23.96,18.54,23.96,6.49,27.99,5.420000000000002
kape s sencnikom,33.629999999999995,23.6025,38.6425,5.99,55.37,15.04
kape trakovi,7.99,5.49,7.99,4.99,12.9,2.5
kapsule tablete,33.2,32.745000000000005,35.025000000000006,32.29,36.85,2.280000000000001
kartuse za kuhalnike,8.1,7.05,8.1,6.0,8.1,1.0499999999999998
kava caj dodatki,14.3,9.75,23.0,5.49,900.0,13.25
kava kavni aparati,122.39,58.115,235.725,10.9,1299.99,177.60999999999999
kava zrna mleta,5.79,2.11,8.2,1.69,52.9,6.09
kavne kapsule,16.19,9.8,18.79,3.15,37.0,8.989999999999998
kazalniki,20.1,15.2,25.0,10.3,29.9,9.8
kengurujcki in pestulje,114.545,43.305,175.815,13.2,267.93,132.51
kladiva macole,18.63,11.8,24.015,7.34,49.69,12.215
klesce,23.99,17.69,28.0,3.92,47.64,10.309999999999999
kletle male zivali,216.0,120.4925,507.5,3.5,1044.99,387.0075
klimatske naprave,95.0,79.9,429.9,56.0,601.89,350.0
klimatske naprave z montazo,899.0,855.5,1029.495,812.0,1159.99,173.9949999999999
kljucavnice,104.5,62.96,119.7,22.09,249.95,56.74
kljucavnice vrata,35.2,35.2,35.2,35.2,35.2,0.0
kljuci vilicasti imbus obrocni,19.5,10.427499999999998,33.5,1.22,183.0,23.0725
kljuke okovja vrata,19.49,15.0,21.89,14.0,35.19,6.890000000000001
klobuki moski,24.9,9.0,44.4,8.7,50.5,35.4
klobuki zenski,8.9,8.4,8.9,7.9,8.9,0.5
knjige do 10 let,12.46,11.0,15.64,6.07,23.84,4.640000000000001
knjige nad 10 let,12.77,9.595,19.1025,2.43,89.82,9.507499999999999
knjige vse,17.53,12.4,23.09,4.51,133.77,10.69
knjizni regali policniki police,68.0,64.0,75.0,64.0,890.0,11.0
kolesa,234.75,195.0,248.1,167.0,483.3,53.099999999999994
kolesa za otroke,181.95,105.7,273.7,91.3,334.8,168.0
kolesarjenje,78.195,24.424999999999997,202.08749999999998,2.1,2599.0,177.66249999999997
kolesarske celade,64.85,62.650000000000006,73.2925,62.5,92.17,10.642499999999998
kolesarske torbe krmilo,113.99,113.99,113.99,113.99,113.99,0.0
kolesarski dresi,44.519999999999996,38.04,50.55,32.49,66.62,12.509999999999998
kombinirani grelniki vode,512.745,355.3225,670.1675,197.9,827.59,314.845
kompleti oblacil za dojencka,28.424999999999997,23.5475,34.9,8.9,59.9,11.3525
kompleti pohistva za otroske sobe,392.0,392.0,941.88,88.2,1086.8,549.88
kompleti prve pomoci,10.57,5.485,35.785,0.4,61.0,30.299999999999997
kompleti seti elektricnega orodja,67.64,57.905,170.305,20.0,702.0,112.4
kompleti zvocnikov 20 71,20.494999999999997,17.0675,21.6875,8.3,23.75,4.620000000000001
kompostniki,79.0,65.495,94.41499999999999,44.99,99.83,28.919999999999987
kompresorji,192.69,122.0,229.31,22.0,362.9,107.31
kondomi lubrikanti,17.95,9.95,19.95,8.95,35.95,10.0
konicasti vijaki,29.0,26.0,30.5,23.0,68.0,4.5
konji nega dlake,45.75,36.425000000000004,55.075,27.1,64.4,18.65
konzerve macke,15.620000000000001,9.99,18.6225,4.1,66.59,8.632499999999999
konzole,24.94,19.4225,30.74,9.99,312.79,11.317499999999999
kopalke,24.45,22.225,26.674999999999997,20.0,28.9,4.449999999999996
kopalke in oblacila za v vodo za dojencke,12.05,11.9,14.975,9.8,15.9,3.0749999999999993
kopalke otroske,6.49,5.99,12.045,5.99,35.99,6.055
kopalke zenske,24.5,13.5,35.775,8.37,47.6,22.275
kopalne igrace,7.37,4.16,17.4,2.0,23.24,13.239999999999998
kopalne kadi,104.96,58.93,912.85,23.0,1955.74,853.9200000000001
kopalne kadi in dodatki,14.195,11.15,30.0475,6.08,70.39,18.8975
kopalne majice,36.82,31.9,118.37,29.99,118.37,86.47
kopalni plasci kopalnica,50.09,50.09,50.09,50.09,50.09,0.0
kopalnica in wc,57.0,25.125,139.29500000000002,17.88,521.0,114.17000000000002
kopalniske preproge kopalnica,39.93,18.5,64.92500000000001,8.0,628.0,46.42500000000001
kopalniski dodatki,34.855000000000004,24.0,62.075,1.59,524.99,38.075
kopalniski dodatki galanterija 2,40.695,22.03,68.4175,8.19,168.83,46.3875
kopalnisko pohistvo,151.0,60.0,233.0,22.99,737.0,173.0
korekcijska ocala,31.9,30.9,32.9,29.9,33.9,2.0
korektor,10.5,10.5,10.5,10.5,10.5,0.0
kosare kosi perilo,21.88,14.95,38.0,13.19,84.19,23.05
kosare sedezi za otroski vozicek,64.9,59.900000000000006,171.945,54.9,278.99,112.04499999999999
kosi in table za kosarko,374.9,245.45,384.75,116.0,394.6,139.3
kosi za locevanje odpadkov,118.08,101.73750000000001,131.625,42.69,144.49,29.88749999999999
kosi za plenice,45.650000000000006,17.0875,72.60000000000001,11.65,73.2,55.51250000000001
kosilnice,25.99,15.485,122.63,2.99,1195.89,107.145
kosiodpadke,38.0,17.1,86.015,5.99,315.0,68.91499999999999
kovcki potovalke torbe,23.07,16.2825,64.1675,1.29,259.0,47.885000000000005
kovcki torbe orodje,41.0,19.0,97.61,5.23,800.0,78.61
kovice in zatici,58.41,33.834999999999994,112.4,2.3,414.0,78.56500000000001
kozarci,20.1,10.7575,41.0,9.43,77.0,30.2425
kozmeticni dodatki pripomocki,8.4,8.3,9.7,3.2,14.1,1.3999999999999986
kozmeticni in pripomocki za lase,22.85,9.6,42.182500000000005,0.46,471.4,32.5825
kozmeticni seti,21.4,11.25,43.3,4.37,272.1,32.05
kozmetika in nega,15.29,8.5425,25.3975,2.1,70.48,16.855
krapove palice,46.18,45.379999999999995,46.980000000000004,44.58,47.78,1.6000000000000085
kratka proza,14.35,12.530000000000001,22.919999999999998,10.71,31.49,10.389999999999997
kratke hlace moske,34.19,23.39,68.3325,11.0,192.06,44.942499999999995
kratke hlace za dojencke,15.7,12.9,25.15,4.0,35.99,12.249999999999998
kratke hlace zenske,23.0,15.575000000000001,35.49,5.0,54.99,19.915
kreme in geli za noge,17.0,17.0,17.0,17.0,17.0,0.0
kreme obraz,25.15,18.697499999999998,25.697499999999998,6.2,31.54,7.0
kreme za obraz,15.899999999999999,6.49,39.725,2.4,381.8,33.235
kreme za oci,18.6,15.5,53.15,7.3,175.0,37.65
kreme za roke,6.1,2.8499999999999996,10.525,2.1,38.1,7.675000000000001
kreme za telo,10.850000000000001,5.625,17.675,2.6,89.95,12.05
krila,18.75,13.0,28.65,9.57,54.0,15.649999999999999
krila in obleke za dojencke,11.99,8.35,16.3,4.7,25.0,7.950000000000001
krila obleke,32.39,23.85,44.1175,12.72,52.7,20.2675
krmilniki avtomatski zalivalni sistemi,59.09,48.54,69.64,37.99,80.19,21.1
kroglice,3.495,0.47,8.325,0.11,14.1,7.8549999999999995
kuhalne plosce,299.9,201.155,450.705,102.0,1426.13,249.54999999999998
kuhalniki,43.17,43.15,59.24,43.15,101.95,16.090000000000003
kuhanje,13.935,8.795,19.49,5.6,154.99,10.694999999999999
kuhinjske krpe,21.8,17.1,38.14,1.3,369.4,21.04
kuhinjske nape,156.29,78.89,239.9,9.9,309.0,161.01
kuhinjske skarje,27.4,21.35,32.894999999999996,3.0,38.4,11.544999999999995
kuhinjske sklede,12.49,6.49,17.595,3.89,37.0,11.104999999999999
kuhinjske tehtnice,22.54,13.705,27.7875,9.89,59.3,14.082500000000001
kuhinjski nozi,16.82,9.27,25.99,2.48,171.56,16.72
kuhinjski organizatorji,340.5,32.475,827.25,5.0,992.0,794.775
kuhinjski pripomocki,17.1,11.35,24.45,2.4,73.0,13.1
kuhinjski roboti,194.99,146.15,320.65500000000003,73.91,710.29,174.50500000000002
kuhinjski zari,135.52,79.79,200.0,26.99,260.99,120.21
kuhinjsko orodje,9.89,6.69,18.77,2.79,62.0,12.079999999999998
kuhinjsko pohistvo,236.99,177.9225,260.5425,72.99,374.99,82.62
kulinarika,18.11,16.9925,23.9375,11.3,37.94,6.945
lahke pohodne hlace,90.0,90.0,90.0,90.0,90.0,0.0
laki nohte,8.2,8.2,8.2,8.2,8.2,0.0
laki za nohte,6.79,4.8,8.2,2.0,30.0,3.3999999999999995
laserji libele vodne tehtnice,36.3,22.2975,43.9,11.59,237.49,21.6025
lasna kozmetika dodatki,8.29,4.8,14.149999999999999,1.3,149.0,9.349999999999998
lego akcijska ponudba,24.45,24.45,24.45,24.45,24.45,0.0
lego art,129.99,110.59,129.99,107.39,129.99,19.400000000000006
lego city,16.2,15.6,16.799999999999997,15.0,17.4,1.1999999999999975
lego classic,29.99,29.99,29.99,29.99,29.99,0.0
lego creator,18.595,16.8975,20.292499999999997,15.2,21.99,3.394999999999996
lego dodatki,8.735,8.1025,9.3675,7.47,10.0,1.2650000000000006
lego dots,14.99,14.99,14.99,14.99,14.99,0.0
lego friends 2,7.78,7.78,7.78,7.78,7.78,0.0
lego icons,151.13,147.365,154.89499999999998,143.6,158.66,7.529999999999973
lego kocke ostale kocke,25.4,14.835,40.120000000000005,3.96,144.4,25.285000000000004
lego minecraft,47.55,35.269999999999996,59.83,22.99,72.11,24.560000000000002
lego mini figurice,31.99,22.6,31.99,19.36,159.99,9.389999999999997
lego power up,11.39,11.39,11.39,11.39,11.39,0.0
lego princese,9.99,9.99,18.994999999999997,8.4,44.99,9.004999999999997
lego roboti,36.9,36.9,36.9,36.9,36.9,0.0
lego star wars,70.29,70.29,70.29,70.29,70.29,0.0
lego super heroes,54.99,54.99,54.99,54.99,54.99,0.0
lego super mario,24.7,24.7,24.7,24.7,24.7,0.0
lego vesolje,57.9,57.9,57.9,57.9,57.9,0.0
lego vozila,58.475,23.24,114.72749999999999,6.86,393.89,91.4875
lego za mobilne telefone,24.43,24.43,34.72,24.43,45.01,10.29
lego za odrasle,76.08,68.97,194.10750000000002,63.2,236.12,125.13750000000002
lego zivali,31.99,7.9,39.0,7.6,88.47,31.1
lesene garaze,39.3,38.05,50.15,36.8,61.0,12.100000000000001
lesene kocke,22.8,13.34,36.2,4.8,260.96,22.860000000000003
leseni igralni centri in hisice,106.51,84.755,118.25,63.0,129.99,33.495000000000005
lestve,95.0,69.19,151.5,53.91,175.0,82.31
lezalne podloge,15.174999999999999,9.8125,20.537499999999998,4.45,25.9,10.724999999999998
lezisca,309.0,232.5,357.0,156.0,405.0,124.5
lezisca macke,49.675,39.4375,62.0,13.3,121.9,22.5625
lezisca za pse,71.5,30.575000000000003,101.8425,7.54,4078.0,71.2675
likanje,51.235,24.1725,84.865,10.27,349.9,60.692499999999995
linije,39.99,37.02,69.9,34.98,92.19,32.88
lip gloss,10.5,8.7,12.19,4.5,19.6,3.49
lonci,34.0,23.7,63.745,6.4,379.4,40.045
loncki,13.18,9.4,14.49,6.95,135.8,5.09
lopate sneg,14.745000000000001,8.4175,22.5,8.2,27.0,14.0825
lopute vrata macke,17.9,17.4,17.9,16.9,17.9,0.5
lovske kamere,129.99,74.99000000000001,129.99,19.99,129.99,55.0
luci in svetilke za ribice,14.16,13.12,20.795,9.99,51.93,7.6750000000000025
luknanje spenjanje,9.8,4.3025,17.35,3.58,29.3,13.047500000000001
macja stranisca in posipi,13.99,10.977500000000001,18.36,5.99,19.49,7.3824999999999985
macke repelenti cistila,10.88,10.88,10.88,10.88,10.88,0.0
magnetne table,140.96,77.23,140.96,13.5,140.96,63.730000000000004
majice brez rokavov,56.53,41.0075,71.18,38.39,71.18,30.172500000000007
majice dojencke,11.99,9.99,13.9,3.9,22.95,3.91
majice otroske,13.0,10.95,17.99,3.24,108.04,7.039999999999999
majice z dolgimi rokavi,34.9,11.9,65.9,11.9,143.83,54.00000000000001
majice za prosti cas,19.95,7.99,24.185000000000002,5.49,74.95,16.195
male zivali nega glodalci,11.245000000000001,8.8725,13.6175,6.5,15.99,4.744999999999999
male zivali stelja,6.02,5.395,6.02,2.86,17.9,0.625
markize,65.41,33.5,119.65,24.0,571.72,86.15
masaza in sprostitev,99.9,47.24,297.53,6.0,649.0,250.28999999999996
maskara,8.99,8.0,13.69,3.8,30.2,5.6899999999999995
maske olja serumi,3.35,3.1,5.05,3.0,27.1,1.9499999999999997
maske serumi tretmaji,33.0,12.8,48.605000000000004,3.9,114.8,35.80500000000001
maske za obraz,4.4,2.1,25.39,0.46,115.2,23.29
maske za oci,12.3,8.350000000000001,16.55,4.4,20.8,8.2
materiali za stvarjanje,7.1,5.99,10.99,4.68,23.99,5.0
medicinski propomocki,22.53,16.425,69.9675,7.7,102.08,53.542500000000004
medijski predvajalniki,89.9,84.45,90.16,79.0,239.9,5.709999999999994
mehcalci,7.7,6.69,19.29,6.07,19.29,12.599999999999998
mehcanje vode,16.43,16.43,16.43,16.43,16.43,0.0
mehke hladilne torbe,29.99,29.99,29.99,29.99,29.99,0.0
merilci temperature,14.6,14.6,14.6,14.6,14.6,0.0
merilniki razdalj,16.07,16.07,47.12,7.9,105.03,31.049999999999997
merilniki tlaka,47.7,47.7,47.7,47.7,47.7,0.0
mesalniki,49.9,29.545,86.485,11.0,394.97,56.94
mesoreznice,62.95,52.165,86.19,29.9,98.39,34.025
metlice brisalcev,12.99,8.094999999999999,14.0,3.29,20.0,5.905000000000001
mikrofoni,39.99,27.54,139.545,12.9,258.86,112.005
mikrovalovne pecice,108.49000000000001,89.52250000000001,160.0175,47.76,334.4,70.495
mila,6.05,4.05,7.800000000000001,1.99,45.2,3.750000000000001
mila za roke,4.01,3.1,5.165,2.8,8.9,2.065
mini pecice,82.59,75.725,111.29,68.86,139.99,35.56500000000001
miske in tipkovnices,22.59,13.23,45.595,3.22,230.7,32.364999999999995
mize in klubske mizice,126.3,76.995,208.995,24.0,636.15,132.0
mizice,118.49,84.2475,185.25,31.21,403.0,101.0025
mizne namizne zage,283.0,283.0,283.0,283.0,283.0,0.0
mleka za telo,8.4,6.4750000000000005,15.375,4.4,55.5,8.899999999999999
mlincki za kavo,2290.0,2290.0,2290.0,2290.0,2290.0,0.0
mobilna fotografija,35.4,29.82,37.4225,17.58,38.99,7.602499999999999
mobilni telefoni,427.345,203.86,974.0,37.9,1969.0,770.14
modelcki za peko,13.59,10.65,17.0,6.3,30.4,6.35
modelirne mase,8.59,6.095000000000001,11.594999999999999,2.0,39.99,5.499999999999998
modne ure,90.6,39.525,162.15,5.71,932.0,122.625
modni dodatki za dojencke,9.9,7.7,17.9,2.5,30.95,10.2
modularni sistemi vrtnega rocnega orodja,17.759999999999998,16.537499999999998,18.0725,12.99,18.89,1.5350000000000037
monitorji,293.79499999999996,210.4225,449.2925,104.89,5191.36,238.87
monitorji gaming,287.87,215.1525,367.645,128.49,2133.79,152.49249999999998
montessori igrace,45.0,28.0,50.6,20.0,63.0,22.6
moska obutev,52.15,33.035,80.99,3.7,150.0,47.955
moska ocala,30.4,21.822499999999998,93.325,8.99,116.0,71.5025
moska pohodna in treking obutev,16.5,16.5,20.622500000000002,16.5,32.99,4.122500000000002
moska sportna oblacila dresi,38.4,38.4,38.4,38.4,38.4,0.0
moska sportna ocala,44.49,19.46,51.197500000000005,16.98,85.9,31.737500000000004
moske denarnice in zascitne torbice,18.0,13.9,20.075,6.79,33.9,6.174999999999999
moske jake in brezrokavniki,53.16,37.3675,74.435,22.0,179.99,37.0675
moske jakne plasci,55.6,53.1,58.1,50.6,60.6,5.0
moske jope s kapuco,67.15,37.1,88.10249999999999,11.0,213.08,51.00249999999999
moske kape cepice in klobuki,14.99,11.24,19.47,7.49,23.95,8.229999999999999
moske kavbojke hlace,15.0,15.0,15.0,15.0,15.0,0.0
moske kavbojke in hlace,34.0,28.18,44.99,11.95,197.35,16.810000000000002
moske kopalke 2,44.099999999999994,33.825,49.85,7.17,75.6,16.025
moske kopalke za suho postavo,57.2,57.2,57.2,57.2,57.2,0.0
moske kozmeticne torbice,57.65,50.825,64.475,44.0,71.3,13.649999999999991
moske kratke hlace,44.84,37.8375,44.84,16.5,64.76,7.002500000000005
moske kravate in drugi dodatki,19.95,19.9,20.15,19.9,20.6,0.25
moske majice,41.91,33.37,54.2,6.0,134.04,20.830000000000005
moske majice blagovnih znamk,26.0,20.494999999999997,30.45,10.0,119.99,9.955000000000002
moske majice in majice s kratkimi rokavi,17.49,11.98,25.3,4.96,136.61,13.32
moske majice za suho postavo,62.0,58.0,62.5,46.0,64.0,4.5
moske polo majice,20.39,20.39,30.7,14.4,37.9,10.309999999999999
moske rokavice,6.2,6.050000000000001,6.35,5.9,6.5,0.29999999999999893
moske sportne denarnice in zascitne torbice,16.7,16.7,16.7,16.7,16.7,0.0
moske sportne hlace,55.99,40.49,78.49,16.5,110.0,37.99999999999999
moske sportne jakne in brezrokavniki,98.46000000000001,54.25,166.25,29.5,184.0,112.0
moske sportne kape,16.09,15.39,19.99,13.19,29.0,4.599999999999998
moske sportne kopalke in moda za surfanje,17.0,17.0,17.0,17.0,17.0,0.0
moske sportne kratke hlace,27.99,24.8725,38.49,15.59,139.0,13.617500000000003
moske sportne majice in topi,43.46,31.49,62.0,17.0,1199.0,30.51
moske sportne rokavice,25.225,19.5475,25.45,9.11,41.0,5.9025
moske srajce,28.689999999999998,28.34,29.04,27.99,29.39,0.6999999999999993
moske srajce za suho postavo,37.6,37.6,37.6,37.6,37.6,0.0
moske torbe nahrbtniki,35.68,12.25,65.65,1.49,108.49,53.400000000000006
moske torbe nahrbtniki in vrecke,24.49,20.86,68.475,18.8,192.0,47.614999999999995
moski brezrokavniki,229.99,213.5,279.99,44.99,479.99,66.49000000000001
moski dodatki,30.9,25.0,36.9,3.3,92.4,11.899999999999999
moski nakit,40.3,20.2,73.2,7.9,145.2,53.0
moski pasovi in naramnice,17.0,15.99,31.5,11.99,48.7,15.51
moski plasci,57.35,53.0,70.3725,49.4,99.99,17.372500000000002
moski puloverji,27.045,23.9225,31.7975,11.0,41.0,7.875
moski puloverji 2,26.98,19.0,30.0,9.57,105.7,11.0
moski sportni naglavni trakovi,18.9,18.9,18.9,18.9,18.9,0.0
moski sportni nahrbtniki in sportne torbe,44.1,26.24,55.125,20.99,104.3,28.885
moski sportni puloverji,71.26,36.07,89.245,20.1,136.23,53.175000000000004
moski sportni puloverji in majice,51.0,38.49,59.0,26.39,1649.0,20.509999999999998
moski sportni sali in naglavni trakovi,17.99,14.05,21.294999999999998,3.9,59.0,7.244999999999997
moski suknjici in obleke,49.0,38.0,53.0,32.0,68.0,15.0
mosko funkcionalno in termo spodnje perilo,25.814999999999998,23.542499999999997,30.842499999999998,20.99,49.99,7.300000000000001
mosko modno spodnje perilo kopalke,19.009999999999998,14.455,33.7125,6.05,103.54,19.2575
mosko spodnje perilo pizame in halje,15.59,7.82,32.1,1.62,203.4,24.28
moto kovcki in torbe,222.98000000000002,18.747500000000002,411.47,10.98,411.47,392.7225
moto oblacila in obutev,36.74,18.3,65.99,6.95,121.85,47.69
moto oprema,31.189999999999998,16.19,78.8,5.29,203.06,62.61
motoristicna tehnika,24.67,24.67,24.67,24.67,24.67,0.0
motorna olja,12.89,8.8,19.71,4.49,69.12,10.91
motorne crpalke,199.99,199.99,224.74,199.99,249.49,24.75
motorne gume,91.14,60.89,138.7,29.46,353.0,77.80999999999999
mp3 in mp4 predvajalniki,87.84,50.870000000000005,87.84,13.9,87.84,36.97
mreze in vrece,12.7,12.7,12.7,12.7,12.7,0.0
mrezna oprema,76.63,29.23,89.71,1.55,116.9,60.47999999999999
mrezne kartice adapterji,13.99,9.28,23.9,7.0,62.19,14.62
mrezni adapterji power line adapters,55.81,51.28,56.35,46.75,56.89,5.07
multimetri,21.5,19.924999999999997,39.9675,6.9,84.72,20.042500000000004
na kmetiji,10.55,9.822500000000002,36.675,7.39,109.99,26.852499999999996
nadometni splakovalniki,33.39,32.449999999999996,34.2675,29.69,36.9,1.8175000000000026
nahrbtniki,69.89500000000001,47.739999999999995,94.99,18.0,223.5,47.25
najloni,119.56,21.46,135.56,8.88,135.63,114.1
nakit,35.1,17.9,66.89999999999999,0.76,586.17,48.99999999999999
namizni brusilniki,185.09,185.09,185.09,185.09,185.09,0.0
namizni gaming racunalniki,1485.4850000000001,1412.28,2123.4975,759.85,3620.0,711.2175
namizni primezi,44.99,44.99,44.99,44.99,44.99,0.0
namizni pripomocki,16.0,12.02,21.0,5.87,47.0,8.98
namizni racunalniki,1286.17,712.7075,1553.0425,16.6,3999.9,840.335
napajalni kabli,35.0,35.0,35.0,35.0,35.0,0.0
napajalni kabli podaljski,2.795,1.49,15.217500000000001,1.46,117.26,13.727500000000001
napajalniki,50.6,34.29,103.015,19.1,360.0,68.725
napihljive blazine 2,9.99,6.94,119.49000000000001,3.89,228.99,112.55000000000001
napihljive in vodne igrace,24.445,9.25,44.4,2.96,490.01,35.15
naprave za oblikovanje telesa,236.17,236.17,236.17,236.17,236.17,0.0
naravostovje,18.02,15.495000000000001,20.325,12.97,22.63,4.829999999999998
naredi sam igrace,10.49,7.605,15.1,2.4,180.0,7.494999999999999
nas naprave,857.89,214.39,1132.89,214.39,1287.0,918.5000000000001
navadne baterije,4.51,3.5774999999999997,5.3950000000000005,3.0,6.0,1.8175000000000008
nba,6.95,6.95,6.95,6.95,6.95,0.0
nega nog,9.59,9.59,9.59,9.59,9.59,0.0
nega oblacil,21.99,21.99,21.99,21.99,21.99,0.0
nega rok,13.35,13.35,13.35,13.35,13.35,0.0
nega telesa,11.44,7.61,23.3,5.6,69.0,15.690000000000001
nega trepalnic in obrvi,22.425,18.6625,26.1875,14.9,29.95,7.524999999999999
nega ustnic,9.6,5.6,11.8,2.4,36.8,6.200000000000001
nega vratu in dekoltea,54.1,54.1,54.1,54.1,54.1,0.0
nega za soncenje,19.57,19.57,19.57,19.57,19.57,0.0
negovalna kozmetika,3.49,3.24,3.74,2.99,3.99,0.5
neopren,83.96,83.96,83.96,83.96,83.96,0.0
neoprenski skornji,90.44,90.44,90.44,90.44,90.44,0.0
nepremocljive jakne,279.0,224.975,279.0,62.9,279.0,54.025000000000006
nfl,23.174999999999997,20.0625,26.287499999999998,16.95,29.4,6.224999999999998
nizkotonski avto zvocniki,189.0,133.3,373.05,80.0,516.7,239.75
nocne lucke,28.49,21.1425,45.802499999999995,10.19,55.0,24.659999999999997
nogavice,10.49,8.5,11.07,2.99,19.39,2.5700000000000003
nosecnisko spodnje perilo pizame in halje,5.9,4.45,23.0,2.82,36.77,18.55
nosilci telefone,14.9,9.9,22.41,3.99,39.99,12.51
nosilci tv,95.0,45.56,171.73,11.96,611.6,126.16999999999999
nosilci za kolesa,354.9,307.4,440.7975,54.9,469.0,133.39750000000004
nosilci za prtljago,237.03,230.79500000000002,243.265,224.56,249.5,12.46999999999997
nosilci za smuci,104.9,104.9,104.9,104.9,104.9,0.0
nosni aspiratorji,3.41,3.41,3.41,3.41,3.41,0.0
obesalniki stojala,9.1,9.1,9.1,9.1,9.1,0.0
obesalniki stojala kosi,42.5,41.75,43.25,41.0,44.0,1.5
obeski,60.3,17.5,105.065,7.5,386.86,87.565
obeski in sestavni deli za zenski nakit,31.5,28.45,39.3,9.9,41.4,10.849999999999998
obeski za kljuce,1.39,1.39,1.39,1.39,1.39,0.0
objektivi,549.0,301.5,783.65,18.0,3529.0,482.15
oblacila dodatki gaming,11.295,8.7,13.19,4.0,45.29,4.49
oblacila za oblikovanje telesa,30.795,26.9975,34.5925,23.2,38.39,7.595000000000002
oblacila za pse,30.92,19.224999999999998,36.050000000000004,7.0,106.0,16.825000000000006
obleke krila deklice,28.48,22.79,28.48,13.0,30.0,5.690000000000001
oblikovanje proceske,3.8449999999999998,3.7975,4.4,3.6,10.1,0.6025000000000005
obrazne maske,18.47,18.47,18.47,18.47,18.47,0.0
obtocne crpalke,341.1,300.0,382.2,258.9,423.3,82.19999999999999
obutev dodatki vzdrzevanje,14.61,14.61,14.61,14.61,14.61,0.0
obutev moske,11.85,9.925,13.774999999999999,8.0,15.7,3.849999999999998
obutev otroska,26.88,26.88,26.88,26.88,26.88,0.0
obutev zenske,40.815,25.9775,88.12,4.5,111.95,62.142500000000005
ocala,82.24,82.115,82.365,81.99,82.49,0.25
ocala soncna,44.99,34.99,49.99,5.99,155.5,15.0
odeje presite odeje,83.955,38.0,558.325,15.0,8766.8,520.325
odlagalniki dokumentov predalniki,6.3549999999999995,3.3225,17.2475,3.0,107.3,13.924999999999999
oglasne table in okvirji,45.095,12.022499999999999,133.06,10.69,223.8,121.03750000000001
ogledala,59.58,43.24,90.0,22.0,205.0,46.76
ogrlice,59.0,38.1,78.89500000000001,11.6,128.4,40.79500000000001
ogrlice za zenske,56.6,39.175000000000004,82.425,15.6,154.7,43.24999999999999
ohisja za racunalnik,109.53,82.11,171.21,35.9,371.3,89.10000000000001
ojacevalniki wifi signala,107.59,107.59,107.59,107.59,107.59,0.0
okrasne sklede pladnji kosare,29.0,23.0,74.8,5.13,173.9,51.8
okrasne vaze,17.8,12.100000000000001,30.2,3.99,85.2,18.099999999999998
okvirji slike,41.0,31.95,65.0,4.56,300.0,33.05
olja masazna,16.22,16.22,16.22,16.22,16.22,0.0
olja za kozo,20.0,18.25,20.525,7.23,36.0,2.2749999999999986
olja za telo,19.9,7.0,38.3,4.9,53.6,31.299999999999997
oljni radiatorji1,122.2,122.2,122.2,122.2,122.2,0.0
omare,188.21,110.0,227.0,48.0,681.0,117.0
omare regali,85.0,50.095,167.89499999999998,11.99,524.0,117.79999999999998
opekaci kruha,38.595,27.8125,78.19999999999999,26.29,99.9,50.38749999999999
opornice mansete,13.0,9.775,27.995,5.0,69.9,18.22
oprema avtodome kamp prikolice,39.44,28.192500000000003,57.8175,10.8,245.91,29.625
oprema beljenje barvanje,19.0,18.5,19.5,18.0,20.0,1.0
oprema kad tus,29.9,18.792499999999997,76.1975,8.19,252.0,57.40500000000001
oprema ob umivalniku,29.99,18.625,59.045,11.19,283.26,40.42
oprema za tus,23.7,9.99,65.0925,3.99,220.99,55.1025
oprsnice za pse,18.0,13.0275,28.2725,3.7,84.1,15.245000000000001
opticni instrumenti,130.25,57.932500000000005,337.045,15.97,2184.15,279.1125
opticni kabli,4.45,3.725,5.175000000000001,3.0,5.9,1.4500000000000006
orodje skarje nozi zage,28.26,4.8975,39.99,2.7,93.0,35.0925
orodje za kolo,33.2,11.5,51.545,6.0,69.14,40.045
orodje za mrezno opremo in elektroniko,17.005,16.2725,19.162499999999998,16.0,139.0,2.889999999999997
oscilacijsko vecnamensko orodje,192.53,35.6,192.53,32.05,207.19,156.93
osebna nega,58.0,32.3225,91.86,4.9,284.99,59.5375
oskrba rane,4.3,3.3,37.045,2.5,71.0,33.745000000000005
osnovne plosce,249.89,203.29,278.73,58.61,309.31,75.44000000000003
osnovne plosce gaming,326.28999999999996,315.9,435.34749999999997,192.15,558.6,119.44749999999999
ostala dodatna oprema kolesarjenje,14.29,9.5,33.705,2.49,134.45,24.205
ostale kocke,19.494999999999997,8.275,47.0525,6.7,90.9,38.7775
ostale zivali,18.044999999999998,13.0725,23.0175,8.1,27.99,9.944999999999999
ostali dodatki,12.29,12.29,12.29,12.29,12.29,0.0
ostali dodatki za ribolov,4.1850000000000005,3.4625000000000004,4.9075,2.74,5.63,1.4449999999999994
ostali igralni pripomocki,13.2,13.125,14.397499999999999,12.9,17.99,1.272499999999999
ostali kabli adapterji,3.79,3.295,4.845000000000001,2.8,5.9,1.5500000000000007
ostali varnostni dodatki avtomobil,14.0,14.0,14.0,14.0,14.0,0.0
ostali zenski modni dodatki,3.125,1.8025,5.15,0.79,14.49,3.3475
ostalo pranje perila,8.7,7.35,8.75,6.0,8.8,1.4000000000000004
ostalo vrtno orodje,28.0,13.5,39.4,4.6,185.0,25.9
osvezilci zraka,6.39,5.49,8.89,2.7,17.06,3.4000000000000004
otroci modni puloverji jopice,22.99,20.5375,23.99,17.99,27.98,3.452499999999997
otroci sportni puloverji jopice,33.705,14.4525,47.6925,9.0,64.76,33.24
otroci srajce,26.0,26.0,26.0,26.0,26.0,0.0
otroska dezna oblacila,65.91,65.91,69.42999999999999,65.91,79.99,3.519999999999996
otroska kolesa,216.0,184.2,260.7,109.9,349.0,76.5
otroska krila in obleke,20.99,15.59,27.99,6.37,53.0,12.399999999999999
otroska obutev,42.49,17.9,60.0,4.6,225.0,42.1
otroska posteljnina,29.9,19.0,99.1,8.89,443.0,80.1
otroska vozila akumulator,266.67499999999995,172.8725,388.65,31.73,1485.12,215.77749999999997
otroske blazine,11.05,4.0,22.424999999999997,3.0,50.32,18.424999999999997
otroske brisace,14.575,12.3425,16.775,8.78,80.96,4.432499999999999
otroske dekorativne blazine,60.0,26.75,88.65,5.45,537.0,61.900000000000006
otroske hiske,160.99,134.9925,197.9925,57.0,309.0,63.0
otroske hlace,55.975,49.95,70.1375,39.99,82.3,20.1875
otroske hoduljice,69.97,40.35,81.95,10.8,180.23,41.6
otroske jakne,89.7,36.945,89.7,11.56,119.0,52.755
otroske jakne in brezrokavniki,53.9,41.99,70.2,8.4,146.9,28.21
otroske jakne plasci,46.19,34.19,99.95,21.4,107.84,65.76
otroske jopice in puloverji,23.49,18.8,31.99,4.4,63.0,13.189999999999998
otroske kape sali,22.0,22.0,22.0,22.0,22.0,0.0
otroske kavbojke hlace,55.19,29.6125,60.58,11.49,69.83,30.967499999999998
otroske kavbojke in hlace,19.49,11.99,26.23,2.8,109.99,14.24
otroske kopalke in vodna oblacila,21.59,16.9,29.9,7.3,52.0,13.0
otroske kuhinje,29.93,25.48,75.31,14.11,131.19,49.83
otroske lesene kuhinje,77.36,69.575,96.38,46.9,117.9,26.804999999999993
otroske majice,24.950000000000003,14.907499999999999,37.5475,5.0,58.67,22.64
otroske nogavice,32.74,32.74,32.74,32.74,32.74,0.0
otroske nosilke,24.009999999999998,21.19,26.83,18.37,29.65,5.639999999999997
otroske oblikovalske kratke hlace,15.98,11.99,25.24,3.1,55.99,13.249999999999998
otroske odeje,37.22,25.64,57.93,7.99,75.63,32.29
otroske pizame in kopalni plasci,17.95,15.06,23.97,8.0,33.9,8.909999999999998
otroske srajce in bluze,24.49,17.945,34.44,12.8,52.0,16.494999999999997
otroske stopnicke,18.02,17.66,18.38,17.3,18.74,0.7199999999999989
otroski bazeni in napihljiv program,15.84,8.955,33.72,1.3,660.0,24.765
otroski kombinezoni in kompleti,20.99,18.2,39.0,9.39,69.0,20.8
otroski kompleti,27.89,22.9,39.9,22.9,41.41,17.0
otroski kompleti oblacil,16.9,10.99,39.9,5.99,117.69,28.909999999999997
otroski lezalniki,89.9,80.63,193.23,69.9,229.42,112.6
otroski modni dodatki,12.99,7.95,20.045,2.4,99.8,12.095000000000002
otroski pajaci in hlace s stopali,11.1,9.1,13.65,7.6,14.6,4.550000000000001
otroski sedezi za kolo,89.9,37.19,159.95,4.9,218.62,122.75999999999999
otroski skirojix,52.69,30.825,56.9,24.3,118.0,26.075
otroski sotori tuneli,44.475,16.8825,59.4675,9.48,198.0,42.585
otroski vzglavniki,40.475,17.615000000000002,59.6225,13.7,105.6,42.0075
otrosko mleko,19.99,19.439999999999998,21.445,18.89,22.9,2.0050000000000026
otrosko modno spodnje perilo,11.59,4.19,18.865000000000002,3.9,22.48,14.675
otrosko pohistvo dodatki,33.655,10.4475,69.5,1.6,430.0,59.0525
otrosko spodnje perilo,9.495000000000001,6.9,13.99,0.8,31.99,7.09
otrosko termalno spodnje perilo,32.65,26.575,38.724999999999994,20.5,44.8,12.149999999999995
otrosko vrtno pohistvo $91,641.99,416.3275,778.0,42.48,1009.04,361.6725
ovratnice,11.5,6.859999999999999,188.995,3.4,192.99,182.135
ovratnice pse,8.6,5.23,12.4,2.0,49.9,7.17
ozemalniki,61.65,61.65,61.65,61.65,61.65,0.0
oznacevalci potega,21.405,20.957500000000003,21.8525,20.51,22.3,0.894999999999996
pajaci za dojencke,28.9,18.49,42.95,9.2,99.95,24.460000000000004
pametna hisa,34.39,19.845,62.215,8.91,1964.2,42.370000000000005
pametne ure,89.0,39.06,149.0,19.99,479.9,109.94
pametne ure aktivne zapestnice,69.99,39.9,202.995,27.99,616.34,163.095
papir foto,9.1,7.3125,20.15,6.75,48.5,12.837499999999999
papir pisarniski,14.2,12.99,18.4,5.8,25.7,5.409999999999998
papir za zavijanje darilne skatle,6.99,6.0,13.99,3.19,82.45,7.99
parfumi,48.95,25.325,80.7,0.7,314.0,55.375
parni kuhalniki,42.14,40.57,48.985,32.6,52.26,8.415
partnerstvo vzgoja,19.855,14.8375,24.76,5.58,98.94,9.922500000000001
pasje toaletne potrebscine,19.99,7.495,208.5,5.0,297.0,201.005
pasje torbe nahrbtniki,29.35,17.68,39.995000000000005,11.99,44.71,22.315000000000005
pasje ute,156.99,115.0,611.0,24.18,1483.0,496.0
pastelne barve barvice oglje oznacevalniki,64.0,37.78,64.5,4.0,70.49,26.72
paviljoni,52.0,33.0,143.19,29.4,205.0,110.19
pc modding hlajenje,7.01,2.8,43.49,1.2,154.19,40.690000000000005
pc modding in hlajenje,47.44,5.5,49.04,5.36,66.1,43.54
pecice,420.5,269.775,477.39,212.29,1145.91,207.615
peka kruha,131.59,83.43,176.9825,47.0,189.98,93.55249999999998
pekaci,25.99,17.9,51.87,4.79,100.3,33.97
pekaci pecivo,17.05,11.295,30.25,6.59,98.89,18.955
pelerine ponco ogrinjala,7.49,7.49,7.49,7.49,7.49,0.0
pene za kopel,6.1,3.7,6.75,2.0,12.0,3.05
pes v avtu,41.34,24.135,41.505,6.93,41.67,17.37
peskovniki,16.0,15.5,66.5,15.0,117.0,51.0
pijaca za otroke,35.66,35.195,36.125,34.73,36.59,0.9299999999999997
pilingi za telo,6.7,5.2,24.15,5.2,158.4,18.95
pipe,105.65,93.99,128.26,44.9,279.9,34.269999999999996
pisarniske in pos naprave,116.7,97.0,397.1,39.93,825.3,300.1
pisarniski stoli,225.95,97.9,529.5,49.9,650.0,431.6
pisarnisko pohistvo,128.9,96.15,212.0,54.5,577.99,115.85
pisarnisko pohistvo in oprema,92.88,76.9275,119.5,31.0,568.03,42.572500000000005
pistole brizgalke razprsilniki za vodo,10.19,6.99,23.0,4.0,79.79,16.009999999999998
pistole sablje loki,20.57,9.29,41.91,5.43,85.2,32.62
pistole vroce lepljenje,12.69,8.69,21.5,3.09,32.44,12.81
pladnji podstavki,21.0,18.3,30.66,18.3,33.69,12.36
plastifikatorji,46.95,41.975,69.34,35.0,124.0,27.365000000000002
platna projekcijska,54.0,41.925,150.5575,37.39,170.19,108.63250000000001
plavalne plavuti,26.8,26.8,26.8,26.8,26.8,0.0
plavalni pripomocki za otroke,11.4,11.4,11.4,11.4,11.4,0.0
playmobil,31.19,13.34,42.095,3.59,60.79,28.755
plenice,14.05,9.99,19.8175,3.99,70.8,9.827499999999999
plezalni pasovi,57.120000000000005,55.5,58.74,53.88,60.36,3.240000000000002
plinski kuhalniki kartuso,22.9,22.9,22.9,22.9,22.9,0.0
plisaste elektronske interaktivne igrace,23.35,15.8875,54.55,7.79,72.9,38.662499999999994
plisaste igrace pliskoti,19.19,13.344999999999999,34.7,6.79,106.01,21.355000000000004
pnevmatsko rocno orodje,19.535,4.2575,67.37,3.25,193.29,63.112500000000004
pocivalniki,72.5,40.4975,117.0775,17.99,263.91,76.58
podaljski razdelilci casovne stikalne ure,31.27,14.717500000000001,50.5925,2.99,300.24,35.875
podlaga,18.0,18.0,18.0,18.0,18.0,0.0
podloge igralne,52.015,35.1725,80.535,18.9,182.0,45.3625
podloge za odlaganje rib,89.83,86.895,92.765,83.96,95.7,5.8700000000000045
podlozke in matice za vijake,26.0,20.7475,36.38,13.99,58.52,15.632500000000004
podometni splakovalniki,84.8,75.6,109.96,43.3,245.79,34.36
podvodni skuterji,1116.0,1116.0,1116.0,1116.0,1116.0,0.0
poezija,13.445,10.6675,16.419999999999998,3.19,57.43,5.752499999999998
poganjalci,68.29,47.53,89.0,8.29,273.84,41.47
pohistvo postelje,196.0,166.75,250.5,27.0,538.0,83.75
pohistvo za dnevno sobo,353.0,215.0,439.0,52.46,694.19,224.0
pohistvo za hodnik,80.495,47.5375,97.5825,27.79,155.19,50.044999999999995
pohistvo za jedilnico,137.99,102.0,179.0,44.51,359.0,77.0
pohistvo za spalnico,239.4,176.99,433.04,56.99,824.0,256.05
pohodne palice,28.46,16.134999999999998,89.56,3.64,116.79,73.42500000000001
pohodniski nahrbtniki,93.02,51.012499999999996,118.005,23.41,164.79,66.9925
pohodnistvo plezanje,60.71,29.8,74.68,7.39,231.0,44.88000000000001
polnilci akumulatorjev,202.29,148.33249999999998,721.875,18.9,1154.36,573.5425
polnilci akumulatorji,72.42,72.42,72.42,72.42,72.42,0.0
polnilci baterij,36.43,20.425,36.515,4.42,36.6,16.09
polnilne baterije,6.045,5.49,6.922499999999999,5.19,8.19,1.4324999999999992
polnjenje telefona,12.969999999999999,8.695,21.96,1.09,800.95,13.265
pometalni stroji,69.22,69.22,69.22,69.22,69.22,0.0
pomivalna korita,152.99,127.0,175.4,80.35,571.3,48.400000000000006
pomivalni stroji,569.95,452.39,639.605,229.9,940.59,187.21500000000003
pomnilniki,68.7,43.05,118.99,17.79,408.77,75.94
pomnilniske kartice,18.9,10.892499999999998,31.49,5.9,239.0,20.5975
ponjave za avto,43.21,43.21,43.21,43.21,43.21,0.0
ponve,37.2,25.875,54.8625,13.0,257.53,28.987499999999997
pos oprema,204.29,54.69,204.29,20.32,339.95,149.6
posebna kuhinjska oprema,111.39500000000001,40.0475,124.99249999999999,17.61,254.36,84.945
posoda za ribice,25.93,25.005000000000003,45.4925,24.72,101.69,20.487499999999997
posode macjo hrano,10.74,7.6,14.45,3.5,57.0,6.85
posode za pse,12.38,8.35,32.965,2.44,120.0,24.615000000000002
posode za shranjevanje zivil,15.775,9.149999999999999,22.2725,2.0,374.92,13.122500000000002
posode za zacimbe,30.13,10.96,32.39,6.3,44.0,21.43
postelje,285.0,225.4125,342.18,19.2,1003.32,116.76750000000001
postelje in blazine za kampiranje,59.9,44.0,90.77,2.33,230.99,46.769999999999996
postelje lezisca,155.59,100.8075,206.2,25.0,699.9,105.39249999999998
posteljice zibelke,325.32,323.32,395.65999999999997,321.32,466.0,72.33999999999997
posteljnina,39.0,26.84,69.8,4.46,1286.0,42.959999999999994
postni nabiralniki,28.51,22.815,78.755,17.12,129.0,55.94
potapljaska ocala in maske,48.620000000000005,43.29,53.95,37.96,59.28,10.660000000000004
potapljaske dihalke,36.0,36.0,36.0,36.0,36.0,0.0
potapljaski nahrbtniki in torbe,55.0,50.34,121.9,45.68,188.8,71.56
potopisi,25.96,20.19,51.305,8.78,157.46,31.115
potopne crpalke za cisto vodo,96.04499999999999,91.57249999999999,103.35249999999999,80.99,122.44,11.780000000000001
potopne crpalke za sod,79.95,79.95,79.95,79.95,79.95,0.0
potopne crpalke za umazano vodo,117.845,85.29,146.65,17.42,212.5,61.36
potopne crpalke za vrtine globinske,826.8,93.75,826.8,92.65,1185.6,733.05
potovalna prtljaga,46.1,46.1,46.1,46.1,46.1,0.0
potovalni pripomocki,93.70500000000001,56.1575,131.2525,18.61,168.8,75.095
potrebscine za predelavo mesa divjacine,89.99,89.99,89.99,89.99,89.99,0.0
potrosni material,21.95,14.5,58.19,1.38,299.13,43.69
povodci,15.6,10.075,19.5,3.8,237.74,9.425
povoji in trakovi,9.4,5.755000000000001,12.35,2.0,17.99,6.594999999999999
pralni stroji,368.19,288.005,445.04999999999995,81.0,1127.4,157.04499999999996
praskalniki macke,88.0,51.0,129.0,10.2,409.0,78.0
predprazniki,93.5,61.5,144.75,12.0,312.0,83.25
prehranska dopolnila,10.2,7.0,14.95,3.99,32.7,7.949999999999999
prekopalniki motokultivatorji,414.64,99.16499999999999,441.19,44.0,1298.0,342.025
prenapetostne zascite,24.045,20.174999999999997,37.41,15.69,65.79,17.235
prenosne klime,379.9,379.9,379.9,379.9,379.9,0.0
prenosne posteljice,50.03,50.03,50.03,50.03,50.03,0.0
prenosni zvocniki zvocniske postaje,49.9,27.217499999999998,194.225,7.9,899.99,167.0075
prenosniki,1040.0,604.225,1653.3600000000001,298.0,4059.0,1049.1350000000002
prenosniki gaming,1453.0,1243.2625,1466.9925,1125.99,2386.24,223.73000000000002
preproge,43.0,27.75,72.25,10.0,463.0,44.5
preproge kopalniske,51.01,40.86,66.5,7.96,266.0,25.64
presite odeje,34.93,22.0,50.0,14.0,935.8,28.0
pretocne crpalke,94.845,66.85,107.9975,36.19,160.99,41.14750000000001
previjalne mize in omare,279.0,228.92,428.4,11.2,1165.25,199.48
previjalne podloge,31.9,24.0,45.7,5.54,145.76,21.700000000000003
prevljalne torbe,81.445,46.769999999999996,125.16250000000001,29.3,330.93,78.39250000000001
prevoz prtljage in opreme,39.2,24.8975,54.335,9.6,466.89,29.4375
prezracevalniki vertikulatorji,136.4,87.2,159.055,38.0,181.71,71.855
priboljski pse,8.74,5.99,11.99,2.99,27.1,6.0
pribor likovno ustvarjanje,6.6,3.565,10.5,1.5,19.71,6.9350000000000005
pribor oprema,46.6,20.37,179.53,4.03,899.9,159.16
prikljucki adapterji nastavki za pipe dodatna oprema za zalivanje,8.79,7.2,11.705,4.59,150.62,4.505
prilagoditev,49.39,38.55,60.1,23.46,152.37,21.550000000000004
prilkjucni video,8.895,4.7,16.49,2.44,54.02,11.79
primezi spone,27.134999999999998,17.3725,71.85000000000001,12.42,109.99,54.477500000000006
print serverji,64.0,64.0,64.0,64.0,64.0,0.0
pripomocki ciscenje,31.0,12.9,51.0,3.0,99.87,38.1
pripomocki ciscenje 2,5.7,2.99,8.1,1.44,26.0,5.109999999999999
pripomocki dojenje,6.9,6.0,15.600000000000001,5.1,24.3,9.600000000000001
pripomocki plavanje,29.265,18.8975,39.6325,8.53,50.0,20.735
pripomocki za fitnes,22.78,11.39,53.25,2.09,368.0,41.86
pripomocki za peko,8.649999999999999,8.0975,18.9,2.59,49.9,10.802499999999998
pripomocki zar,39.415,23.817500000000003,55.0125,8.22,70.61,31.195
priprava caja,32.0,24.9975,53.4975,10.0,76.99,28.500000000000004
priprava kave,25.49,16.19,52.75,12.0,59.9,36.56
priprava peciva,17.895,15.0,26.9925,5.99,82.0,11.9925
pritrdilni kiti,30.839999999999996,28.11,33.57,25.38,36.3,5.460000000000001
problematicna koza,22.5,5.25,34.099999999999994,2.4,82.7,28.849999999999994
procesorji,255.04,225.4975,784.24,191.31,820.35,558.7425000000001
programska oprema,49.9,34.2,54.9,29.9,59.9,20.699999999999996
projekcijska platna,42.72,36.965,46.79,31.21,50.86,9.824999999999996
projektorji,25.26,25.26,25.26,25.26,25.26,0.0
projektorji 2,80.95,12.0,149.9,12.0,149.9,137.9
prosti cas,21.73,15.23,28.12,5.95,102.05,12.89
prostori za shranjevanje,198.72,108.5375,339.5,27.95,990.53,230.9625
prostorocno telefoniranje,39.99,29.99,79.0,7.29,79.9,49.010000000000005
prostostojeci zvocniki,125.99,125.99,125.99,125.99,125.99,0.0
prsne crpalke,122.225,35.552499999999995,175.4325,7.39,185.85,139.88
prstani,80.965,48.025,125.09,23.0,203.9,77.065
prtljazniki,98.9,59.135000000000005,99.84,19.37,100.78,40.705
prve zvocne igrace,17.99,17.99,17.99,17.99,17.99,0.0
psi na poti,91.645,64.75750000000001,134.74,5.7,1709.99,69.9825
psi nega dlake,10.559999999999999,7.325,17.450000000000003,3.19,95.0,10.125000000000004
psi nega oci uses,16.8,16.65,17.4,16.5,18.0,0.75
psi nega tack,15.96,15.96,15.96,15.96,15.96,0.0
psi repelenti cistila,16.865,13.99,19.3975,6.41,103.0,5.407500000000001
pticje kletke,9.05,6.675000000000001,19.9,1.0,698.0,13.224999999999998
pticje krmilnice,12.99,7.2,18.985,1.2,60.22,11.785
puder,6.83,5.4,8.2675,5.4,8.29,2.8674999999999997
puhalniki in sesalniki,131.215,72.445,148.7725,57.85,170.29,76.32750000000001
puloverji in jope,31.0,23.99,38.0,16.0,41.99,14.010000000000002
puloverji zenski,22.585,17.0,34.2,12.9,109.9,17.200000000000003
puncke hiske dodatki,25.0,14.8525,48.0575,2.97,169.45,33.205
pustni kostumi praznovanje,16.9,5.5825,21.5,0.69,49.4,15.9175
radiatorji,144.0,93.99,208.49,30.55,684.2,114.50000000000001
rastlinjaki tople visoke grede,157.0,53.25,520.8,40.78,1246.97,467.54999999999995
raziskovalne igrace,12.89,11.532499999999999,17.4225,10.39,18.69,5.890000000000001
razprsila za kozo,14.4,9.9,16.6,6.5,24.6,6.700000000000001
razsiritvene kartice,70.995,54.425,75.1175,11.9,80.3,20.69250000000001
razvlazilci zraka,295.0,254.19,295.0,98.5,745.7,40.81
razvojne igrace,16.45,13.3975,19.1725,5.19,69.94,5.774999999999999
rdecilo,7.19,7.19,7.19,7.19,7.19,0.0
reflektorji svetilke senzorji gibanja,49.99,32.66,67.37,4.17,69.99,34.71000000000001
registratorji arhivske skatle,14.19,7.97,222.5,2.8,308.6,214.53
regulacija temperature,34.645,13.610000000000001,55.74,11.25,135.25,42.13
reprezentance,38.29,9.23,67.315,6.95,69.49,58.084999999999994
resilni jopici,34.96,34.96,34.96,34.96,34.96,0.0
rezalniki in zgibalniki papirja,54.41,30.145,59.55,14.56,62.7,29.404999999999998
rezervna rezila glave,18.0,17.49,20.29,8.4,27.7,2.8000000000000007
rezkalniki in nadrezkarji,110.2,18.25,276.24,4.05,2241.56,257.99
ribiska stojala,20.0,20.0,20.0,20.0,20.0,0.0
ribiske hlace s skornji,260.05,161.875,358.22499999999997,63.7,456.4,196.34999999999997
ribiske mreze za pristajanje,13.9,11.18,19.14,8.46,24.38,7.960000000000001
ribiske skatle in kovcki,7.81,7.81,7.81,7.81,7.81,0.0
ribiski dezniki,138.95,138.95,138.95,138.95,138.95,0.0
ribiski klobuki in kape,13.49,13.49,13.49,13.49,13.49,0.0
ribiski lezalniki,371.47,371.47,371.47,371.47,371.47,0.0
ribiski nahrbtniki,26.78,26.78,26.78,26.78,26.78,0.0
ribiski sotori,359.65500000000003,221.4925,497.8175,83.33,635.98,276.325
ribiski stoli,63.9,53.95,73.85,44.0,83.8,19.89999999999999
risalne table,19.71,14.9,27.54,9.7,62.0,12.639999999999999
risanje in barvanje,10.3,5.0,13.1,2.0,27.0,8.1
rjuhe,20.64,17.99,60.4,7.4,135.0,42.41
rocne lutke,12.195,9.870000000000001,14.8725,9.81,15.99,5.0024999999999995
rocne skarje za veje,65.485,28.89,78.98,12.85,80.4,50.09
rocne skarje za zivo mejo,49.735,25.19,83.2075,25.19,109.99,58.0175
rocne svetilke,26.2,15.6,29.99,6.68,178.14,14.389999999999999
rocne vrtne skarje,35.4,23.892500000000002,56.5,19.4,62.8,32.6075
rocno orodje,27.0,15.93,49.875,1.32,353.0,33.945
rocno orodje dodatki,14.06,9.99,36.74,2.49,118.0,26.75
rogovi,34.0,34.0,34.0,20.96,34.0,0.0
rokavcki in nogavcki,24.0,19.049999999999997,27.9,10.2,45.01,8.850000000000001
rokavice aktivnosti prostem,79.96,79.96,79.96,79.96,79.96,0.0
rokavice prosti cas,2.99,2.99,2.99,2.99,2.99,0.0
rolerji,191.5,157.75,225.25,124.0,259.0,67.5
rolke,40.7,38.9,41.5,38.5,41.5,2.6000000000000014
ropotulje,12.795,10.0775,17.3375,4.32,37.22,7.259999999999998
salamoreznice,51.9,50.19,157.7825,36.99,201.19,107.5925
sali,18.99,18.99,18.99,18.99,18.99,0.0
samolepilni listici in papirne kocke,4.05,3.1975,6.1025,2.23,13.39,2.9050000000000002
samonapihljive blazine,99.59,59.96,107.18,59.96,107.99,47.220000000000006
samponi lase,3.8,3.3,6.2,2.2,26.78,2.9000000000000004
savne,681.475,344.7125,1018.2375,7.95,1355.0,673.525
sedezne palice blazinice in sedezi,23.69,18.535,28.845,13.38,34.0,10.309999999999999
sedezno pohistvo,228.01999999999998,133.98000000000002,364.4925,39.99,940.31,230.5125
sekire,45.29,27.589999999999996,65.32,1.88,113.0,37.73
semena,12.489999999999998,6.890000000000001,26.6,6.59,37.99,19.71
sencilo za oci,11.44,6.8,14.2,5.9,80.5,7.3999999999999995
sencniki za vrt,60.975,46.3575,101.7825,40.99,124.0,55.425
serumi emulzije za kozo,18.95,14.3,34.3425,7.1,331.1,20.0425
serumi za oci,34.6,34.6,34.6,34.6,34.6,0.0
serviranje caja,26.5,13.0825,48.47,9.73,77.48,35.3875
servirne sklede,15.69,14.3,22.0,5.79,23.9,7.699999999999999
sesalniki,158.995,94.67,248.49,21.49,1279.99,153.82
sesalniki avto,28.895,27.9425,29.8475,26.99,30.8,1.9050000000000011
sestavljanke,14.045,10.8225,18.625,3.29,389.54,7.8025
seti krpanje zracnic,2.99,2.99,2.99,2.99,2.99,0.0
seti posod,139.9,61.375,180.5,13.0,348.1,119.125
sezonska dekoracija,46.49,20.7475,79.24,1.99,375.99,58.49249999999999
shranjevanje odlaganje,63.5,48.5,92.5,44.0,139.0,44.0
signalni pribor,153.4,153.4,153.4,153.4,153.4,0.0
sivalni stroji,203.9,194.505,213.29500000000002,185.11,222.69,18.79000000000002
skarje travo grmicevje,78.3,59.18,93.99,14.99,106.9,34.809999999999995
skarje za zivo mejo,103.0,91.49000000000001,164.64,44.99,299.89,73.14999999999998
skatle in zaboji za shranjevanje,42.24,11.19,122.0,2.07,472.99,110.81
skatle nakit,82.7,82.7,82.7,82.7,82.7,0.0
skicirke slikarski bloki,12.49,7.6175,17.99,5.0,38.99,10.372499999999999
skiroji,949.0,313.895,974.0,52.0,1599.0,660.105
skiroji rolerji in rolke,83.19,39.0,287.01,9.9,1099.0,248.01
skobeljniki oblici,152.99,75.19,299.99,58.0,1999.99,224.8
skodelice,15.965,14.217500000000001,17.299999999999997,4.21,31.17,3.082499999999996
skodelice kozarci,11.99,11.99,11.99,11.99,11.99,0.0
skropilnice,80.0,32.4,106.07,17.14,607.49,73.66999999999999
skuter gume,45.37,34.51,55.27,26.12,102.33,20.760000000000005
slikanice,14.33,10.945,20.715,7.53,133.72,9.77
slikanje po stevilkah,19.99,19.99,19.99,19.99,19.99,0.0
slikarska platna,10.09,10.09,10.09,10.09,10.09,0.0
slikarska stojala,34.99,34.99,34.99,34.99,34.99,0.0
slike plakati znaki,90.95,58.95,126.75,10.18,203.0,67.8
slincki,7.2,5.529999999999999,9.97,3.92,33.79,4.440000000000001
slovenija,11.96,4.7,11.96,3.45,12.4,7.260000000000001
slusalke,37.9,19.99,79.9,4.8,379.99,59.91000000000001
smart,29.0,24.95,277.78,12.0,999.0,252.82999999999998
sminka,8.2,6.5425,9.3,2.0,27.9,2.7575000000000003
smucarske rokavice,37.0,31.8,37.0,31.8,79.96,5.199999999999999
smucarski snowboard cevlji,92.39,92.39,92.39,92.39,92.39,0.0
smuci,774.49,774.49,774.49,774.49,774.49,0.0
snezne verige,65.24,46.9,78.0,34.0,284.9,31.1
sobna kolesa,99.0,99.0,99.0,99.0,99.0,0.0
sobne in zunanje antene,22.9,20.0,29.99,13.9,31.99,9.989999999999998
sodi kanistri,84.05,23.994999999999997,143.27,8.1,186.0,119.275
softshell hlace,47.99,47.99,133.99,47.99,219.99,86.0
sokovniki,105.9,81.3,153.45,50.0,238.4,72.14999999999999
solske peresnice,9.31,6.62,14.03,2.72,70.1,7.409999999999999
solske torbe in nahrbtniki,44.56,32.21,65.94,3.81,308.99,33.73
solski pripomocki,8.19,6.29,16.89,0.9,45.99,10.600000000000001
soncniki sencniki $91,113.44,52.93,431.02,28.0,1139.0,378.09
sotori,165.99,75.15,289.99,25.7,1562.45,214.84
soundbar zvocniki,173.44,173.44,201.4,169.0,202.0,27.960000000000008
spajkalne postaje in pistole,31.805,25.935,37.67,13.77,49.82,11.735000000000003
spalne vrece,54.8,51.03,81.13,34.1,389.3,30.099999999999994
spalne vrece za kampiranje,48.620000000000005,41.66,53.0,22.36,103.34,11.340000000000003
spalne vrece za otrosko,36.735,22.65,50.39,15.3,124.89,27.740000000000002
spanska liga,25.97,9.925,29.96,4.29,49.95,20.035
specializirana cistilna sredstva,49.144999999999996,4.99,211.5,1.0,901.0,206.51
spenjalniki zebljalniki,12.05,9.59,23.17,4.1,97.99,13.580000000000002
spin palice za vijacenje,49.26,49.26,49.26,49.26,49.26,0.0
spletne kamere,43.9,34.53,109.0,22.9,912.0,74.47
spominski koticek,12.095,9.947500000000002,14.6925,9.18,14.99,4.744999999999999
sponke zanke in kavlji,10.125,5.0325,27.884999999999998,1.76,353.99,22.8525
sport klobuki,9.97,9.97,10.23,9.97,10.49,0.2599999999999998
sporti z loparji,31.59,13.95,138.2,4.53,489.0,124.24999999999999
sportna krila in obleke,36.26,34.275,76.08,32.29,115.9,41.805
sportna obutev,71.99,48.99,98.99,23.0,149.99,49.99999999999999
sportna obutev mesto prosti cas,59.95,59.95,59.95,59.95,59.95,0.0
sportna obutev natikaci,29.8,29.8,29.8,29.8,29.8,0.0
sportna obutev razlicne sporte,108.05,79.63,142.24,27.59,207.49,62.610000000000014
sportna obutev sandali crocs,44.45,21.35,56.712500000000006,14.3,60.0,35.362500000000004
sportna prehrana,30.49,18.73,33.4,3.4,74.13,14.669999999999998
sportne kape moske,33.0,33.0,33.0,33.0,33.0,0.0
sportne obleke in krila,62.99,18.5,82.0,11.0,82.0,63.5
sportne torbice,61.06,47.38,74.74000000000001,33.7,88.42,27.360000000000007
sportne ure tek,492.69,202.55,543.8,109.1,657.6,341.24999999999994
sportni cevlji,89.99,89.99,89.99,89.99,89.99,0.0
sportni nedrcki,39.41,31.0,49.362500000000004,20.29,68.04,18.362500000000004
sredstva odstranjevanje madezev ,7.99,7.92,11.8,5.81,18.39,3.880000000000001
sredstva proti plesni,13.695,13.6,13.79,13.6,13.79,0.1899999999999995
sredstva sijaj,3.99,3.59,8.99,3.19,13.99,5.4
sredstva za ciscenje avta,69.39,63.485,69.39,57.58,69.39,5.905000000000001
sredstva za nego vode,9.99,8.09,11.49,6.19,12.99,3.4000000000000004
stacionarni telefoni,92.77,84.505,107.92999999999999,59.71,226.11,23.424999999999997
stajice,115.04,79.9,153.0,78.0,264.0,73.1
stedilniki,393.0,339.39,734.48,299.99,865.2,395.09000000000003
stedilniki drva,1442.8,1442.8,1442.8,1442.8,1442.8,0.0
steklenice za vodo,21.18,21.18,21.2,8.34,53.0,0.019999999999999574
steklenicke,11.3,8.625,16.13,3.02,34.83,7.504999999999999
steklenicke za vodo,19.7,17.14,21.92,3.55,36.43,4.780000000000001
steklo zarometa,94.21000000000001,75.14,127.41,67.93,151.0,52.269999999999996
stenska dekoracija,168.1,109.6,199.9,9.2,873.8,90.30000000000001
stenske klimatske naprave,1179.0,1071.0,1287.0,963.0,1395.0,216.0
stenske ure,44.0,30.0,60.8,16.99,616.0,30.799999999999997
sterilizatorji priprava hrane,19.05,16.225,21.875,13.4,24.7,5.649999999999999
stikala,133.72,36.53,271.9,9.64,588.81,235.36999999999998
stiskalnice prese drobilniki,16.77,16.77,16.77,16.77,16.77,0.0
stojala in nosilci za kolesa,50.0,49.5,61.5,49.0,73.0,12.0
stojala perilo,16.99,3.58,34.6,1.7,79.6,31.020000000000003
stolcki za hranjenje,124.95,107.64,222.0,35.0,610.2,114.36
stoli,153.26,92.87,237.975,43.0,965.55,145.105
stresni kovcki,220.7,193.55,875.75,162.12,1479.0,682.2
strgalniki rezalniki,23.585,14.447500000000002,30.7575,7.19,43.95,16.31
strojni vijaki,37.0,27.5,75.0,26.0,162.0,47.5
strokovno,13.12,13.12,13.12,13.12,13.12,0.0
suha hrana macke,26.99,19.055,35.0,2.07,76.99,15.945
suha hrana pse,28.99,16.99,46.4975,4.73,79.99,29.507500000000004
sup deske,599.0,534.0,664.0,469.0,729.0,130.0
susilni stroji,611.9,536.97,750.8050000000001,309.99,949.0,213.83500000000004
susilniki sadja,51.095,43.9925,57.2975,34.58,59.0,13.305
svece svecniki,16.2,8.6,26.0,0.69,378.0,17.4
svedri,7.69,5.86,21.1,3.9,25.8,15.240000000000002
svetila luci,49.0,18.7225,94.0,1.6,969.0,75.2775
svetilke kamp,10.79,8.99,10.89,7.99,41.0,1.9000000000000004
svetilke za kolesa,21.845,21.2725,22.417499999999997,20.7,22.99,1.144999999999996
svetlobna in magnetna terapija,102.1,102.1,102.1,102.1,102.1,0.0
svetovna klasika,11.8,7.97,14.42,3.01,37.9,6.45
svincnik,3.35,2.575,4.125,1.8,4.9,1.5499999999999998
sylvanian families,8.4,8.19,9.29,5.7,25.6,1.0999999999999996
table,14.84,14.84,15.635,9.89,16.99,0.7949999999999999
table okvirji in projekcija,41.99,14.84,72.99,1.75,982.65,58.14999999999999
tablete pomivalni stroj,12.99,11.39,15.59,8.69,23.2,4.199999999999999
tablice,599.9,219.99,1649.0,59.07,2814.0,1429.01
tablice pisala stylus,20.9,20.445,45.400000000000006,19.99,69.9,24.955000000000005
tablicni racunalniki,675.375,438.5625,912.1875,201.75,1149.0,473.625
tamponi vlozki,8.7,3.76,15.46,2.0,35.47,11.700000000000001
tehnologija,11.0,11.0,11.0,11.0,11.0,0.0
tehtnice,23.6,13.139999999999999,52.775000000000006,7.44,160.0,39.635000000000005
tekalne steze,242.0,42.04,751.5375,36.77,825.07,709.4975000000001
tekaska moska obutev,109.0,85.0,131.75,59.0,203.0,46.75
tekaska zenska obutev,115.0,88.5,175.75,51.0,241.0,87.25
tekaske jakne,120.0,52.0,120.0,46.19,120.0,68.0
tekaske kratke hlace,41.055,30.375,54.52,6.5,89.99,24.145000000000003
tekaske majice,22.9,11.9,33.06,8.58,268.6,21.160000000000004
tekaske nogavice,14.9,14.9,14.9,14.9,14.9,0.0
teleskopi,159.0,159.0,159.0,159.0,159.0,0.0
televizorji,999.0,557.415,1349.0,149.0,4199.0,791.585
tenis loparji,7.9,7.9,7.9,7.9,7.9,0.0
teraristika,34.269999999999996,15.915,72.0,4.9,275.6,56.085
terilniki,76.47,49.21,103.73,21.95,130.99,54.52
termometri,19.15,14.0975,28.935000000000002,10.49,46.74,14.837500000000002
termometri medicinski,10.845,6.225,56.4,3.51,113.43,50.175
termovke,20.7,16.3,30.69,9.8,55.74,14.39
teskaske hlace,26.65,10.4,40.25,10.4,53.25,29.85
tiskalniki nalepk etiket,718.4,718.4,718.4,718.4,718.4,0.0
tiskalniki skenerji,169.095,49.5125,255.7375,14.9,1011.9,206.22500000000002
tlacilke,35.135,21.905,54.6875,20.69,75.69,32.7825
toaletne potrebscine za macke,15.85,9.31,22.175,1.29,46.0,12.865
toaletne torbe,9.165,9.14,11.4425,8.81,59.99,2.3025
toaletni papir robcki,1.9,1.4,3.2,1.0,28.5,1.8000000000000003
toasterji aparati vaflji,29.945,22.6075,35.875,14.64,112.98,13.267499999999998
tobogani plezala,133.49,119.9,143.6,75.9,214.42,23.69999999999999
tonerji kartuse,40.79,16.935000000000002,76.97,15.99,119.74,60.035
tople grede,135.9,135.9,135.9,135.9,135.9,0.0
toplotne crpalke,5158.0,5158.0,6171.52,5158.0,7185.04,1013.5200000000004
torbe,89.86,89.86,89.86,89.86,89.86,0.0
torbe in kovcki,43.9,29.9,86.12,29.79,134.7,56.220000000000006
torbe nahrbtniki male zivali,151.6,151.6,151.6,151.6,151.6,0.0
torbe nahrbtniki otroski,14.39,12.3175,25.2675,5.02,84.99,12.949999999999998
torbe za ribolov,38.39,36.86,38.49,35.33,38.59,1.6300000000000026
torbe za squash,11.28,11.28,11.28,11.28,11.28,0.0
torbice nahrbtniki in etuii,25.9,20.1,57.55,3.99,447.04,37.449999999999996
torbice ovitki telefon,11.850000000000001,8.9,13.0425,2.0,87.37,4.1425
tracne zage,289.99,289.99,289.99,289.99,289.99,0.0
trampolini,625.0699999999999,624.005,648.5600000000001,623.84,716.0,24.555000000000064
trampolini in dodatki za trampoline,74.995,32.46,112.275,0.4,1116.73,79.815
transformerji,18.0,16.15,26.645,14.3,35.29,10.495000000000001
treking kolesa,426.29999999999995,354.5,498.09999999999997,282.7,569.9,143.59999999999997
trenazerji za kolesa,141.0,141.0,336.5,44.0,376.0,195.5
trenirke,32.24,29.755000000000003,47.1775,22.3,91.99,17.4225
tricikli,134.9,76.64,159.0,20.5,211.39,82.36
tunike,37.2,32.739999999999995,47.4,24.56,63.28,14.660000000000004
tus kabine,239.5,220.91250000000002,288.865,123.0,674.99,67.95249999999999
tus kadi,217.995,129.505,285.99,96.8,344.99,156.485
uhani,42.2,21.6,62.4,8.3,123.4,40.8
umetna drevesca cvetlice,53.0,30.905,85.0,3.99,892.5,54.095
umetniske barve,5.985,3.9875000000000003,11.99,1.69,29.99,8.0025
umetnost,29.7,19.665,41.18,9.63,52.66,21.515
umivalniki,85.99,57.315,95.85499999999999,15.2,138.89,38.53999999999999
unicevalniki papirja,240.485,113.57249999999999,322.3275,85.59,623.0,208.755
ure aktivne zapsetnice,49.99,49.99,49.99,49.99,49.99,0.0
ure in budilke,36.95,36.95,47.0,10.7,140.8,10.049999999999997
usb,14.09,5.79,22.0225,0.88,138.0,16.2325
usb kljuci,13.9,8.72,20.725,5.93,86.01,12.005
usmerjevalniki routerji,209.69,128.9475,235.6375,76.5,261.17,106.69
ustne vodice,5.8,5.0,6.0,5.0,6.6,1.0
utezi in stojala,49.155,24.25,108.85499999999999,1.48,495.95,84.60499999999999
utp kabli,2.29,1.46,5.9,0.89,39.99,4.44
vadbene postaje in klopi,306.67,200.5,413.0,65.0,1199.91,212.5
vakuumiranje aparati dodatki,15.19,9.99,81.12,6.49,86.62,71.13000000000001
varnost motorista,7.17,6.93,29.380000000000003,6.69,51.59,22.450000000000003
varovala ograje,47.88,20.25,69.99,3.7,348.0,49.739999999999995
vecnamenski nozi orodja,34.06,21.467499999999998,88.09,7.0,313.3,66.6225
vedra,40.11,32.085,43.1525,8.1,52.19,11.067500000000003
velikonocna pomladanska dekoracija,8.99,8.99,8.99,8.99,8.99,0.0
ventilatorji,68.45,31.475,108.14750000000001,9.9,286.9,76.67250000000001
verizice 2,42.55,30.525000000000002,73.475,18.4,155.6,42.94999999999999
verizne zage,79.17,16.669999999999998,107.6,10.19,171.19,90.92999999999999
veslaske naprave,198.0,195.5,199.0,164.0,216.0,3.5
veterinarska dieta macke,35.7,34.01,40.405,16.32,43.99,6.395000000000003
videokamere,162.235,54.69,302.5925,8.99,649.0,247.90249999999997
vijacni nastavki,63.64,63.64,63.64,63.64,63.64,0.0
vile in vilini,20.5,20.5,20.5,20.5,20.5,0.0
vinske vitrine,349.9,97.0,1749.0,92.0,2499.19,1652.0
visece mreze stoli,55.8,39.9,110.44,31.5,278.0,70.53999999999999
visoke grede,92.0,65.14,152.0,21.0,627.0,86.86
visokotlacni cistilci,180.20499999999998,136.72750000000002,213.47750000000002,4.86,999.99,76.75
visokotlacni cistilniki,119.0,119.0,119.0,119.0,119.0,0.0
vitamini prehranska dopolnila ptice,6.39,6.39,6.39,6.39,6.39,0.0
vitamini prehranski dodatki,11.99,10.59,12.99,8.7,24.9,2.4000000000000004
vlaganje vkuhavanje,67.0,67.0,67.0,67.0,67.0,0.0
vlazilni robcki,9.43,4.0,24.8175,2.0,25.19,20.8175
vlazilniki in cistilniki zraka2,108.445,34.99,122.4,18.99,149.9,87.41
vlazilniki zraka,32.9,32.9,62.405,8.61,92.9,29.505000000000003
voblerji,15.2,13.85,16.875,11.7,20.5,3.0250000000000004
vode za po britju,10.2,10.2,10.2,10.2,10.2,0.0
vodne crpalke in hidroforji,91.745,44.4475,130.7425,15.19,261.0,86.29500000000002
vodni sporti,40.49,15.25,207.495,7.39,649.0,192.245
vodni sporti brisace,7.45,7.45,7.45,7.45,7.45,0.0
vodovodne pipe,52.0,33.5,174.065,10.59,253.0,140.565
volani,373.895,361.34250000000003,386.4475,348.79,399.0,25.10499999999996
vozicki,593.5899999999999,495.5625,745.34,35.53,2350.0,249.77750000000003
vozicki kasete navijalni bobni za cevi,76.99,63.217499999999994,80.59,21.9,91.39,17.37250000000001
vozicki kompleti,645.0,599.9,925.435,267.6,1116.0,325.53499999999997
vozicki marele,366.31,233.7,462.0,99.8,2473.73,228.3
vozicki za dvojcke,134.0,124.7225,150.48499999999999,72.0,531.96,25.76249999999999
vozila na pedala,160.215,96.4525,395.875,46.99,1344.22,299.4225
vrci,20.235,16.6025,22.5,8.0,27.0,5.897500000000001
vremenske postaje,29.9,13.8725,52.2325,6.69,90.8,38.36
vrtalna udarna kladiva,162.015,78.30499999999999,750.3975,21.0,1179.99,672.0925000000001
vrtalniki za zemljo,44.66,30.619999999999997,46.435,17.49,322.11,15.815000000000005
vrtickanje,37.4,24.985,87.43,9.83,243.76,62.44500000000001
vrtiljaki,21.395,20.572499999999998,22.2175,19.75,23.04,1.6450000000000031
vrtna dekoracija,60.0,38.5,80.0,9.99,242.05,41.5
vrtne gugalnice,390.495,212.5625,466.3,15.8,518.99,253.7375
vrtne gugalnice visece mreze $91,315.0,238.0025,436.65,144.59,803.0,198.64749999999998
vrtne hiske lope za orodje,419.18,233.5,659.0825,29.1,1291.99,425.5825
vrtne klopi,144.99,91.495,217.495,53.99,671.0,126.0
vrtne klopi kavci $91,222.99,142.0,324.0,21.0,976.0,182.0
vrtne mize,163.0,163.0,163.0,163.0,163.0,0.0
vrtne mize $91,133.44,79.99,205.99,15.52,554.0,126.00000000000001
vrtne namakalne kapljalne cevi,39.22,22.315,50.7475,6.75,610.0,28.4325
vrtne obrobe palisade,175.025,76.99249999999999,419.3725,19.99,3181.0,342.38
vrtne otroske garniture,434.0,283.5,784.315,129.0,1928.49,500.81500000000005
vrtne skatle za shranjevanje omarice $91,145.99,116.995,165.0,84.0,230.3,48.004999999999995
vrtne vile lopate,43.489999999999995,27.8425,59.925,11.99,81.18,32.082499999999996
vrtne zage,21.0,11.88,42.89,2.7,292.99,31.009999999999998
vrtni lezalniki,472.5,310.0,705.5,26.09,852.0,395.5
vrtni lezalniki $91,195.0,134.6975,317.2475,23.99,874.76,182.55
vrtni posipalniki,163.0,122.495,174.5,81.99,186.0,52.004999999999995
vrtni stoli pocivalniki,124.0,102.0,168.0,82.0,345.0,66.0
vrtni stoli pocivalniki $91,295.0,187.0,451.0,20.41,1744.0,264.0
vrtni tusi,104.2,102.80000000000001,105.6,101.4,107.0,2.799999999999983
vrtni vozicki,33.25,22.4125,39.4125,17.28,91.9,17.0
vrtno pohistvo,139.01,64.0,268.99,9.9,1329.4,204.99
vrtno rocno orodje dodatki,85.69,53.19,116.03,15.4,314.47,62.84
vsa obutev,80.36,54.61,140.5,7.95,584.39,85.89
vzdrzevanje avto,9.99,7.195,14.41,1.0,282.79,7.215
vzdrzevanje ciscenje obutve,3.33,3.33,3.33,3.33,3.33,0.0
vzglavniki,32.27,18.0,68.0,3.0,7604.5,50.0
vzigalni kabli,18.695,10.2575,29.24,3.83,41.99,18.982499999999998
vzigalniki,42.165,42.0875,42.2425,42.01,42.32,0.15500000000000114
vzmetnice,68.45,47.755,224.91,27.68,869.81,177.155
wc deske,109.0,104.5,113.5,100.0,118.0,9.0
wc oprema,20.5,11.2175,44.915,5.49,349.0,33.6975
wi fi antene,436.28,436.28,436.28,436.28,436.28,0.0
za kotne brusilnike,13.065,7.3825,18.7475,1.7,24.43,11.364999999999998
za obrvi,11.91,11.9,13.99,4.79,17.7,2.09
zaboji macke,87.29,33.12,149.0,19.99,171.3,115.88
zajcniki,167.0,110.0,209.0,102.0,389.0,99.0
zalivalke vedra za zalivanje vrta,26.0,26.0,26.0,26.0,26.0,0.0
zamrzovalniki,369.9,278.0675,606.7475,199.9,1372.81,328.67999999999995
zapestnice,45.65,27.724999999999998,60.375,7.2,138.1,32.650000000000006
zari in pribor,85.385,33.9675,162.94,5.0,3273.19,128.9725
zascita pred insekti,15.95,8.2,25.2025,2.0,39.0,17.0025
zascita pred soncem,12.3,8.8,20.9,4.3,99.0,12.099999999999998
zascita pred zajedavci,13.5,13.09,13.995000000000001,9.0,19.6,0.9050000000000011
zascitne folije stekla mobilne telefone,10.8,7.21,15.9,4.88,35.99,8.690000000000001
zascitne ograje ponjave,81.0,55.0,154.0,10.4,5362.0,99.0
zascitne prevleke,69.24,69.24,69.24,69.24,69.24,0.0
zatici in vlozki,17.995,12.99,24.25,12.99,28.0,11.26
zbirateljeske figure,16.34,14.559999999999999,18.119999999999997,12.78,19.9,3.5599999999999987
zdravilna kozmetika,14.9,14.245000000000001,21.65,13.59,28.4,7.404999999999998
zdravje medicina,47.31,23.8,105.5,10.34,384.86,81.7
zemlja za vrtnarjenje,7.2,7.2,7.2,7.2,7.2,0.0
zenska obutev,33.3,19.945,61.0,8.33,282.0,41.055
zenska ocala,10.4,8.8,25.9,8.1,80.1,17.099999999999998
zenska sportna ocala,30.44,25.89,35.192499999999995,14.9,35.26,9.302499999999995
zenska sportne kopalke in moda za surfanje,21.0,21.0,24.0,21.0,33.0,3.0
zenske bluze srajce,27.0,17.075,73.1625,5.3,88.45,56.08749999999999
zenske denarnice in zascitne torbice,22.2,16.7,40.349999999999994,2.8,66.5,23.649999999999995
zenske gamase,23.9,23.59,24.89,8.7,57.4,1.3000000000000007
zenske jakne in brezrokavniki,64.5,39.9375,75.25,22.0,187.55,35.3125
zenske jakne plasci,26.25,23.275,30.35,15.9,40.5,7.075000000000003
zenske jope s kapuco za vitko postavo,46.5,46.5,46.5,46.5,46.5,0.0
zenske jopice s kapuco,39.614999999999995,23.2,57.824999999999996,9.96,96.55,34.625
zenske kape cepice in klobuki,17.99,14.0,22.945,10.1,31.5,8.945
zenske kavbojke hlace,23.9,16.5,43.9,16.47,43.9,27.4
zenske kavbojke in hlace,34.19,23.38,49.0,10.4,128.83,25.62
zenske kopalke za vitko postavo,75.15,56.775,93.525,38.4,111.9,36.75000000000001
zenske kozmeticne torbice,42.595,37.792500000000004,47.3975,32.99,52.2,9.604999999999997
zenske kratke hlace,21.200000000000003,19.25,23.825000000000003,19.1,26.0,4.575000000000003
zenske majice,15.02,9.725,31.57,5.0,50.49,21.845
zenske obleke 2,36.0,23.3,47.05,6.46,99.35,23.749999999999996
zenske rokavice,4.25,4.225,4.275,4.2,4.3,0.05000000000000071
zenske sportne hlace,30.25,18.0,38.615,8.99,70.98,20.615000000000002
zenske sportne jakne in brezrokavniki,100.5,86.0,109.0,29.95,147.0,23.0
zenske sportne kape s sencnikom,22.99,22.99,22.99,22.99,22.99,0.0
zenske sportne kratke hlace,23.39,18.14,31.997500000000002,15.59,92.0,13.857500000000002
zenske sportne majice in topi,32.0,20.5,37.095,17.0,59.99,16.595
zenske srajce bluze in tunike,21.45,16.0,26.0,6.0,99.35,10.0
zenske torbice nahrbtniki,52.35,33.74,96.625,2.42,182.3,62.885
zenske torbice nahrbtniki in vrecke,46.0,31.1,64.5,8.0,186.8,33.4
zenske zapestnice,20.8,16.2,32.9,7.7,70.4,16.7
zenski blazerji in kostumi,46.0,42.1,51.9,32.0,55.0,9.799999999999997
zenski dezniki,25.0,22.6,28.575000000000003,16.3,42.0,5.975000000000001
zenski dodatki,22.3,13.2275,30.375,1.26,63.1,17.1475
zenski kombinezoni,45.9,32.769999999999996,54.9,11.96,57.9,22.130000000000003
zenski nakit,37.400000000000006,20.150000000000002,68.325,3.91,296.2,48.175
zenski pajaci,70.53,49.98,100.22,39.55,219.99,50.24
zenski pasovi in naramnice,22.5,18.25,23.7425,16.7,23.99,5.4925
zenski plasci,81.5,68.0,104.95,43.4,309.9,36.95
zenski prstani,73.85,58.5,100.52499999999999,27.3,165.7,42.02499999999999
zenski puloverji,47.555,20.5,63.99,11.0,145.04,43.49
zenski puloverji za vitko postavo,29.8,29.200000000000003,30.4,28.6,31.0,1.1999999999999957
zenski sali in vratne rute,30.7,22.9,36.9,6.7,62.6,14.0
zenski sportni nahrbtniki in sportne torbe,48.7,39.975,53.25,31.6,66.5,13.274999999999999
zenski sportni puloverji,25.0,25.0,25.0,25.0,25.0,0.0
zenski sportni puloverji in majice,48.59,39.1175,82.0,15.7,98.0,42.8825
zenski topi,13.79,13.79,16.085,13.79,18.38,2.2950000000000017
zenski topi in majice za vitko postavo,16.0,14.35,17.65,12.7,19.3,3.299999999999999
zenski topi majice s kratkimi in dolgimi rokavi,15.4,11.98,22.0075,6.4,72.05,10.0275
zenski uhani,43.65,30.375,66.19999999999999,12.3,321.8,35.82499999999999
zensko funkcionalno in termalno spodnje perilo,34.945,24.115,38.865,6.31,53.99,14.750000000000004
zensko modno spodnje perilo kopalke,16.7,13.0,31.8,2.89,52.61,18.8
zensko spodnje perilo pizame in halje,25.17,13.030000000000001,35.150000000000006,2.13,124.5,22.120000000000005
zensko spodnje perilo pizame in halje za vitko postavo,26.1,26.1,26.1,26.1,26.1,0.0
zgodovina,23.22,16.475,36.44,10.68,80.18,19.964999999999996
zgodovinski romani,14.91,13.17,15.325,11.43,15.74,2.1549999999999994
zimske vrece,40.7,36.4,60.21,27.9,79.5,23.810000000000002
zimski sporti,47.425,15.17,109.7175,3.5,599.9,94.5475
zivila,11.065000000000001,5.225,40.49,0.69,48.99,35.265
zlozljiva kolesa,359.0,359.0,359.0,359.0,359.0,0.0
znanost tehnologija,32.8,19.0525,48.2975,7.85,256.29,29.245
znanstvena fantastika,14.915,11.405000000000001,20.0,7.8,28.4,8.594999999999999
zobna in ustna nega,5.2,3.9,10.745000000000001,2.2,109.9,6.845000000000001
zobne medzobne scetke,5.425,2.85,9.924999999999999,1.2,41.31,7.074999999999999
zobne paste,5.2,2.95,7.99,1.6,25.85,5.04
zobne prhe,59.99,33.99,86.98,32.15,127.2,52.99
zoge za nogomet,20.34,20.314999999999998,20.365000000000002,20.29,20.39,0.05000000000000426
zoge za odbojko,80.0,80.0,80.0,80.0,80.0,0.0
zoge za vadbo,15.045000000000002,11.7,19.857499999999998,2.56,80.3,8.157499999999999
zracnice kolo,9.7,8.647499999999999,9.809999999999999,5.49,10.14,1.1624999999999996
zunanja razsvetljava,40.78,23.975,41.32,3.06,52.16,17.345
zunanji cvetlicni lonci,41.6,7.0,57.0,4.85,99.0,50.0
zunanji diski,102.59,74.125,172.9975,49.4,751.39,98.8725
zunanjost vozila,11.44,11.33,34.84,4.16,49.0,23.510000000000005
